mfcc1,mfcc2,mfcc3,mfcc4,mfcc5,mfcc6,mfcc7,mfcc8,mfcc9,mfcc10,mfcc11,mfcc12,mfcc13,delta1,delta2,delta3,delta4,delta5,delta6,delta7,delta8,delta9,delta10,delta11,delta12,delta13,delta_delta1,delta_delta2,delta_delta3,delta_delta4,delta_delta5,delta_delta6,delta_delta7,delta_delta8,delta_delta9,delta_delta10,delta_delta11,delta_delta12,delta_delta13,username
-569.213867,101.775246,24.410604,38.228844,11.978481,7.546608,-0.342551,-4.599864,-2.305572,1.390514,-3.08683,-1.805695,0.920156,0.000918,0.000918,0.000918,0.000918,0.000918,0.000918,0.000918,0.000918,0.000918,0.000918,0.000918,0.000918,0.000918,-0.001523,-0.001523,-0.001523,-0.001523,-0.001523,-0.001523,-0.001523,-0.001523,-0.001523,-0.001523,-0.001523,-0.001523,-0.001523,Tim31
-482.319519,109.642601,-2.915505,35.946163,3.354206,3.292679,-11.705869,-4.337754,0.721197,-0.4426,1.803501,-1.657651,1.91628,-0.002604,-0.002604,-0.002604,-0.002604,-0.002604,-0.002604,-0.002604,-0.002604,-0.002604,-0.002604,-0.002604,-0.002604,-0.002604,-0.003088,-0.003088,-0.003088,-0.003088,-0.003088,-0.003088,-0.003088,-0.003088,-0.003088,-0.003088,-0.003088,-0.003088,-0.003088,Tim31
-583.704346,102.316589,20.522629,44.845181,19.437714,8.177623,-3.348829,-2.288,-2.066353,0.437601,-1.50922,-2.764601,0.042174,-0.004096,-0.004096,-0.004096,-0.004096,-0.004096,-0.004096,-0.004096,-0.004096,-0.004096,-0.004096,-0.004096,-0.004096,-0.004096,0.001361,0.001361,0.001361,0.001361,0.001361,0.001361,0.001361,0.001361,0.001361,0.001361,0.001361,0.001361,0.001361,Tim31
-512.218323,100.718536,0.531048,31.642344,5.198068,4.016479,-5.961062,0.273052,2.923516,1.276512,3.408648,0.778545,2.37991,-0.00006,-0.00006,-0.00006,-0.00006,-0.00006,-0.00006,-0.00006,-0.00006,-0.00006,-0.00006,-0.00006,-0.00006,-0.00006,-0.001234,-0.001234,-0.001234,-0.001234,-0.001234,-0.001234,-0.001234,-0.001234,-0.001234,-0.001234,-0.001234,-0.001234,-0.001234,Tim31
-483.21814,104.784225,-6.89594,24.100021,3.26744,3.614476,-8.735805,-1.724844,3.680207,4.644104,2.298693,-0.29586,2.425699,0.00032,0.00032,0.00032,0.00032,0.00032,0.00032,0.00032,0.00032,0.00032,0.00032,0.00032,0.00032,0.00032,-0.000934,-0.000934,-0.000934,-0.000934,-0.000934,-0.000934,-0.000934,-0.000934,-0.000934,-0.000934,-0.000934,-0.000934,-0.000934,Tim31
-587.785522,104.767097,27.24892,49.09848,15.359913,4.380064,-5.347952,-0.809371,-1.013511,0.207629,-1.232633,-2.201287,-3.049168,0.000041,0.000041,0.000041,0.000041,0.000041,0.000041,0.000041,0.000041,0.000041,0.000041,0.000041,0.000041,0.000041,0.00049,0.00049,0.00049,0.00049,0.00049,0.00049,0.00049,0.00049,0.00049,0.00049,0.00049,0.00049,0.00049,Tim31
-470.588959,85.467957,15.124977,45.415009,9.966772,0.971017,-11.348603,-9.133539,-0.17716,-0.98905,-1.066045,-2.271259,-3.979546,0.006492,0.006492,0.006492,0.006492,0.006492,0.006492,0.006492,0.006492,0.006492,0.006492,0.006492,0.006492,0.006492,-0.000255,-0.000255,-0.000255,-0.000255,-0.000255,-0.000255,-0.000255,-0.000255,-0.000255,-0.000255,-0.000255,-0.000255,-0.000255,Tim31
-505.36673,101.880569,11.19037,40.83709,6.267806,2.223592,-3.111504,-9.285696,-3.411645,-2.556668,-2.847949,-3.766373,-5.305792,0.000464,0.000464,0.000464,0.000464,0.000464,0.000464,0.000464,0.000464,0.000464,0.000464,0.000464,0.000464,0.000464,-0.001132,-0.001132,-0.001132,-0.001132,-0.001132,-0.001132,-0.001132,-0.001132,-0.001132,-0.001132,-0.001132,-0.001132,-0.001132,Tim31
-497.823822,116.57592,-4.617756,28.834524,6.19504,3.867131,-4.552605,-4.109659,1.153635,4.336577,2.774508,-2.022161,3.537343,0.000401,0.000401,0.000401,0.000401,0.000401,0.000401,0.000401,0.000401,0.000401,0.000401,0.000401,0.000401,0.000401,0.001462,0.001462,0.001462,0.001462,0.001462,0.001462,0.001462,0.001462,0.001462,0.001462,0.001462,0.001462,0.001462,Tim31
-573.985657,93.695786,30.019722,49.137383,15.535805,7.860445,-6.786409,-5.743358,-1.667846,-3.5209,-3.161318,-4.084105,-0.588352,0.002698,0.002698,0.002698,0.002698,0.002698,0.002698,0.002698,0.002698,0.002698,0.002698,0.002698,0.002698,0.002698,0.000188,0.000188,0.000188,0.000188,0.000188,0.000188,0.000188,0.000188,0.000188,0.000188,0.000188,0.000188,0.000188,Tim31
-568.053711,103.817772,28.606869,46.273129,13.125377,6.658945,-5.994094,-6.613414,-6.553479,-3.029035,-3.492986,-6.992281,-1.25016,0.002181,0.002181,0.002181,0.002181,0.002181,0.002181,0.002181,0.002181,0.002181,0.002181,0.002181,0.002181,0.002181,0.000037,0.000037,0.000037,0.000037,0.000037,0.000037,0.000037,0.000037,0.000037,0.000037,0.000037,0.000037,0.000037,Tim31
-507.032745,94.47496,-2.461025,32.343861,6.972007,2.306044,-9.674854,-1.863103,3.99684,1.217146,2.526893,0.114666,1.407035,-0.002906,-0.002906,-0.002906,-0.002906,-0.002906,-0.002906,-0.002906,-0.002906,-0.002906,-0.002906,-0.002906,-0.002906,-0.002906,0.001059,0.001059,0.001059,0.001059,0.001059,0.001059,0.001059,0.001059,0.001059,0.001059,0.001059,0.001059,0.001059,Tim31
-578.542908,113.974594,17.119471,50.421856,15.968638,0.923966,-1.949471,2.751436,7.505544,-0.894839,-3.213413,1.212582,-3.108366,-0.017968,-0.017968,-0.017968,-0.017968,-0.017968,-0.017968,-0.017968,-0.017968,-0.017968,-0.017968,-0.017968,-0.017968,-0.017968,0.000093,0.000093,0.000093,0.000093,0.000093,0.000093,0.000093,0.000093,0.000093,0.000093,0.000093,0.000093,0.000093,Tim31
-493.4422,84.301285,15.963787,49.77087,8.619368,-2.222873,-7.824191,-5.495497,2.053846,-3.836908,0.033505,-0.632838,-3.340946,-0.000388,-0.000388,-0.000388,-0.000388,-0.000388,-0.000388,-0.000388,-0.000388,-0.000388,-0.000388,-0.000388,-0.000388,-0.000388,-0.002144,-0.002144,-0.002144,-0.002144,-0.002144,-0.002144,-0.002144,-0.002144,-0.002144,-0.002144,-0.002144,-0.002144,-0.002144,Tim31
-606.394592,101.600723,27.539816,52.622189,20.304598,7.823278,-4.281286,-1.69307,2.373741,-1.874234,-0.944295,-2.090845,-4.636851,-0.003287,-0.003287,-0.003287,-0.003287,-0.003287,-0.003287,-0.003287,-0.003287,-0.003287,-0.003287,-0.003287,-0.003287,-0.003287,0.00121,0.00121,0.00121,0.00121,0.00121,0.00121,0.00121,0.00121,0.00121,0.00121,0.00121,0.00121,0.00121,Tim31
-482.498932,96.722481,-5.857527,35.519241,5.383439,2.866779,-10.383438,-0.009823,5.383055,1.732997,2.468249,0.292589,2.687303,-0.001976,-0.001976,-0.001976,-0.001976,-0.001976,-0.001976,-0.001976,-0.001976,-0.001976,-0.001976,-0.001976,-0.001976,-0.001976,-0.004104,-0.004104,-0.004104,-0.004104,-0.004104,-0.004104,-0.004104,-0.004104,-0.004104,-0.004104,-0.004104,-0.004104,-0.004104,Tim31
-468.370758,112.370377,-2.087537,34.210724,3.331406,-0.473578,-10.362291,-2.311462,-2.198833,-2.216114,0.078352,-2.978406,1.926641,-0.002374,-0.002374,-0.002374,-0.002374,-0.002374,-0.002374,-0.002374,-0.002374,-0.002374,-0.002374,-0.002374,-0.002374,-0.002374,0.001354,0.001354,0.001354,0.001354,0.001354,0.001354,0.001354,0.001354,0.001354,0.001354,0.001354,0.001354,0.001354,Tim31
-544.578613,101.755043,13.922444,40.302399,19.72361,4.615999,-5.056523,3.410738,-7.219986,-1.110357,-2.320739,-6.169141,0.602785,0.002543,0.002543,0.002543,0.002543,0.002543,0.002543,0.002543,0.002543,0.002543,0.002543,0.002543,0.002543,0.002543,0.000061,0.000061,0.000061,0.000061,0.000061,0.000061,0.000061,0.000061,0.000061,0.000061,0.000061,0.000061,0.000061,Tim31
-513.100586,99.720116,-0.661782,36.127827,4.996209,2.295095,-9.626244,-1.367842,2.628611,0.285901,2.978254,-1.360175,1.393723,-0.001792,-0.001792,-0.001792,-0.001792,-0.001792,-0.001792,-0.001792,-0.001792,-0.001792,-0.001792,-0.001792,-0.001792,-0.001792,-0.000616,-0.000616,-0.000616,-0.000616,-0.000616,-0.000616,-0.000616,-0.000616,-0.000616,-0.000616,-0.000616,-0.000616,-0.000616,Tim31
-568.733215,97.30825,22.441235,48.129089,14.630796,5.476084,-2.936481,-5.745764,0.109957,0.962092,-2.780265,-0.234021,-1.809743,-0.001951,-0.001951,-0.001951,-0.001951,-0.001951,-0.001951,-0.001951,-0.001951,-0.001951,-0.001951,-0.001951,-0.001951,-0.001951,-0.000384,-0.000384,-0.000384,-0.000384,-0.000384,-0.000384,-0.000384,-0.000384,-0.000384,-0.000384,-0.000384,-0.000384,-0.000384,Tim31
-528.927734,95.087303,-1.003082,37.237026,8.867609,7.192319,-6.226503,0.481211,4.226662,2.450465,2.956842,-0.821581,2.894963,0.00213,0.00213,0.00213,0.00213,0.00213,0.00213,0.00213,0.00213,0.00213,0.00213,0.00213,0.00213,0.00213,0.002599,0.002599,0.002599,0.002599,0.002599,0.002599,0.002599,0.002599,0.002599,0.002599,0.002599,0.002599,0.002599,Tim31
-534.829285,98.453056,20.442354,45.696346,10.462369,3.208844,-6.333436,-8.916256,-1.917526,-2.045389,-2.642479,-1.921687,-6.277075,-0.000173,-0.000173,-0.000173,-0.000173,-0.000173,-0.000173,-0.000173,-0.000173,-0.000173,-0.000173,-0.000173,-0.000173,-0.000173,0.002089,0.002089,0.002089,0.002089,0.002089,0.002089,0.002089,0.002089,0.002089,0.002089,0.002089,0.002089,0.002089,Tim31
-475.466339,84.15741,18.524191,50.020119,8.768294,1.406796,-10.386927,-11.907706,0.167299,-1.766029,-2.449364,-2.4313,-6.536835,0.000351,0.000351,0.000351,0.000351,0.000351,0.000351,0.000351,0.000351,0.000351,0.000351,0.000351,0.000351,0.000351,-0.001598,-0.001598,-0.001598,-0.001598,-0.001598,-0.001598,-0.001598,-0.001598,-0.001598,-0.001598,-0.001598,-0.001598,-0.001598,Tim31
-532.957153,126.035461,-6.57872,32.667366,8.390395,2.182637,-7.536328,-2.305663,5.728128,1.875835,1.931617,2.930387,0.514097,0.001136,0.001136,0.001136,0.001136,0.001136,0.001136,0.001136,0.001136,0.001136,0.001136,0.001136,0.001136,0.001136,-0.000619,-0.000619,-0.000619,-0.000619,-0.000619,-0.000619,-0.000619,-0.000619,-0.000619,-0.000619,-0.000619,-0.000619,-0.000619,Tim31
-544.947998,108.442329,22.161352,36.496403,14.676521,4.327117,-5.882364,-7.242417,-5.322646,0.162695,-6.286161,-1.964103,-0.65228,0.001748,0.001748,0.001748,0.001748,0.001748,0.001748,0.001748,0.001748,0.001748,0.001748,0.001748,0.001748,0.001748,0.000207,0.000207,0.000207,0.000207,0.000207,0.000207,0.000207,0.000207,0.000207,0.000207,0.000207,0.000207,0.000207,Tim31
-471.591217,112.200806,-3.372553,42.653938,2.315969,-1.751577,-11.966131,-1.513443,-3.114211,-4.37593,0.324739,-1.122597,1.162657,0.00552,0.00552,0.00552,0.00552,0.00552,0.00552,0.00552,0.00552,0.00552,0.00552,0.00552,0.00552,0.00552,-0.002938,-0.002938,-0.002938,-0.002938,-0.002938,-0.002938,-0.002938,-0.002938,-0.002938,-0.002938,-0.002938,-0.002938,-0.002938,Tim31
-548.936768,97.479416,19.285192,47.19944,14.905172,1.623268,-1.861756,-4.706555,-2.915114,-2.750412,-0.530894,-6.165321,-3.703234,-0.003236,-0.003236,-0.003236,-0.003236,-0.003236,-0.003236,-0.003236,-0.003236,-0.003236,-0.003236,-0.003236,-0.003236,-0.003236,-0.001838,-0.001838,-0.001838,-0.001838,-0.001838,-0.001838,-0.001838,-0.001838,-0.001838,-0.001838,-0.001838,-0.001838,-0.001838,Tim31
-556.302917,99.068611,17.640669,48.27404,17.941164,2.497466,-7.688183,-7.455027,0.577725,-1.579425,-3.95678,-1.48212,-1.240525,0.006358,0.006358,0.006358,0.006358,0.006358,0.006358,0.006358,0.006358,0.006358,0.006358,0.006358,0.006358,0.006358,-0.001257,-0.001257,-0.001257,-0.001257,-0.001257,-0.001257,-0.001257,-0.001257,-0.001257,-0.001257,-0.001257,-0.001257,-0.001257,Tim31
-407.183807,114.080902,-5.688151,37.685497,2.43351,-4.203923,-14.404806,-6.767928,-3.350031,-2.443986,-2.513452,-4.801013,-0.373834,-0.00567,-0.00567,-0.00567,-0.00567,-0.00567,-0.00567,-0.00567,-0.00567,-0.00567,-0.00567,-0.00567,-0.00567,-0.00567,-0.000004,-0.000004,-0.000004,-0.000004,-0.000004,-0.000004,-0.000004,-0.000004,-0.000004,-0.000004,-0.000004,-0.000004,-0.000004,Tim31
-517.362183,99.020752,13.67926,40.954762,10.08507,2.429835,0.086039,-7.617661,-4.2358,0.305935,-1.787422,-5.042559,-2.997326,-0.003554,-0.003554,-0.003554,-0.003554,-0.003554,-0.003554,-0.003554,-0.003554,-0.003554,-0.003554,-0.003554,-0.003554,-0.003554,0.000622,0.000622,0.000622,0.000622,0.000622,0.000622,0.000622,0.000622,0.000622,0.000622,0.000622,0.000622,0.000622,Tim31
-467.936035,108.052429,-4.096174,27.642668,0.453236,0.544228,-8.177976,-1.604357,1.806511,3.998896,1.607421,-0.774545,1.749739,-0.002778,-0.002778,-0.002778,-0.002778,-0.002778,-0.002778,-0.002778,-0.002778,-0.002778,-0.002778,-0.002778,-0.002778,-0.002778,-0.001555,-0.001555,-0.001555,-0.001555,-0.001555,-0.001555,-0.001555,-0.001555,-0.001555,-0.001555,-0.001555,-0.001555,-0.001555,Tim31
-483.095612,101.592567,-3.546563,34.749325,5.495497,-1.558816,-10.39216,-1.412332,2.309203,-0.2414,1.859883,-0.06532,2.558674,0.005573,0.005573,0.005573,0.005573,0.005573,0.005573,0.005573,0.005573,0.005573,0.005573,0.005573,0.005573,0.005573,-0.0027,-0.0027,-0.0027,-0.0027,-0.0027,-0.0027,-0.0027,-0.0027,-0.0027,-0.0027,-0.0027,-0.0027,-0.0027,Tim31
-520.998291,97.363312,15.792446,42.334095,9.216849,0.033673,-1.439722,-7.209447,-5.250989,-2.599758,-1.512895,-6.56209,-1.434456,0.001186,0.001186,0.001186,0.001186,0.001186,0.001186,0.001186,0.001186,0.001186,0.001186,0.001186,0.001186,0.001186,-0.000049,-0.000049,-0.000049,-0.000049,-0.000049,-0.000049,-0.000049,-0.000049,-0.000049,-0.000049,-0.000049,-0.000049,-0.000049,Tim31
-488.546326,101.333015,0.402654,36.722301,10.382882,0.949443,-8.108952,1.214253,2.826506,-2.182016,-0.776699,-1.094389,5.212108,0.007218,0.007218,0.007218,0.007218,0.007218,0.007218,0.007218,0.007218,0.007218,0.007218,0.007218,0.007218,0.007218,-0.006924,-0.006924,-0.006924,-0.006924,-0.006924,-0.006924,-0.006924,-0.006924,-0.006924,-0.006924,-0.006924,-0.006924,-0.006924,Tim31
-562.618103,97.652061,25.101786,50.187981,13.235043,4.451712,-2.935772,-7.116627,-3.561405,0.356284,-2.547353,-3.252748,0.403135,0.001263,0.001263,0.001263,0.001263,0.001263,0.001263,0.001263,0.001263,0.001263,0.001263,0.001263,0.001263,0.001263,-0.000358,-0.000358,-0.000358,-0.000358,-0.000358,-0.000358,-0.000358,-0.000358,-0.000358,-0.000358,-0.000358,-0.000358,-0.000358,Tim31
-516.834534,99.389511,13.276068,45.444061,11.776796,-1.101529,-4.015083,-8.7465,-5.622064,-1.669399,-1.534128,-7.875352,-0.964004,-0.001418,-0.001418,-0.001418,-0.001418,-0.001418,-0.001418,-0.001418,-0.001418,-0.001418,-0.001418,-0.001418,-0.001418,-0.001418,0.00044,0.00044,0.00044,0.00044,0.00044,0.00044,0.00044,0.00044,0.00044,0.00044,0.00044,0.00044,0.00044,Tim31
-500.577789,116.580887,-4.249334,31.994631,6.671598,0.565087,-10.963995,-0.186765,3.011487,0.190041,5.213793,0.581084,-0.83119,-0.002533,-0.002533,-0.002533,-0.002533,-0.002533,-0.002533,-0.002533,-0.002533,-0.002533,-0.002533,-0.002533,-0.002533,-0.002533,-0.000805,-0.000805,-0.000805,-0.000805,-0.000805,-0.000805,-0.000805,-0.000805,-0.000805,-0.000805,-0.000805,-0.000805,-0.000805,Tim31
-561.951782,104.718857,21.607645,45.49464,11.963255,5.34066,-0.294526,-7.461117,-1.612171,-0.418338,-3.063574,-1.666345,-3.642893,0.002668,0.002668,0.002668,0.002668,0.002668,0.002668,0.002668,0.002668,0.002668,0.002668,0.002668,0.002668,0.002668,0.00009,0.00009,0.00009,0.00009,0.00009,0.00009,0.00009,0.00009,0.00009,0.00009,0.00009,0.00009,0.00009,Tim31
-502.881805,109.747986,1.968544,32.884968,7.598501,2.970719,-7.89176,-3.821723,1.554086,0.986541,1.025903,-0.840748,2.163141,-0.000359,-0.000359,-0.000359,-0.000359,-0.000359,-0.000359,-0.000359,-0.000359,-0.000359,-0.000359,-0.000359,-0.000359,-0.000359,-0.000503,-0.000503,-0.000503,-0.000503,-0.000503,-0.000503,-0.000503,-0.000503,-0.000503,-0.000503,-0.000503,-0.000503,-0.000503,Tim31
-503.94397,107.922882,16.497654,46.015553,6.737374,-0.75861,-2.815308,-8.4971,-5.682919,-4.952501,-2.530185,-7.699016,-4.964614,0.002466,0.002466,0.002466,0.002466,0.002466,0.002466,0.002466,0.002466,0.002466,0.002466,0.002466,0.002466,0.002466,0.00233,0.00233,0.00233,0.00233,0.00233,0.00233,0.00233,0.00233,0.00233,0.00233,0.00233,0.00233,0.00233,Tim31
-512.24292,84.047943,21.093082,48.091301,14.98874,2.950801,-10.74859,-7.13245,5.366535,-2.152395,-2.519563,0.967069,-4.170946,0.001273,0.001273,0.001273,0.001273,0.001273,0.001273,0.001273,0.001273,0.001273,0.001273,0.001273,0.001273,0.001273,-0.000528,-0.000528,-0.000528,-0.000528,-0.000528,-0.000528,-0.000528,-0.000528,-0.000528,-0.000528,-0.000528,-0.000528,-0.000528,Tim31
-529.484497,101.943764,21.716618,56.078434,14.388726,-2.352317,-5.42201,-5.384974,-7.185342,-4.299995,-5.173311,-5.465445,-5.698532,0.01275,0.01275,0.01275,0.01275,0.01275,0.01275,0.01275,0.01275,0.01275,0.01275,0.01275,0.01275,0.01275,0.004034,0.004034,0.004034,0.004034,0.004034,0.004034,0.004034,0.004034,0.004034,0.004034,0.004034,0.004034,0.004034,Tim31
-527.247131,110.71241,-3.739954,34.785835,6.143091,4.99828,-9.001348,1.271527,3.56396,2.018598,1.155984,1.014476,1.873467,-0.000296,-0.000296,-0.000296,-0.000296,-0.000296,-0.000296,-0.000296,-0.000296,-0.000296,-0.000296,-0.000296,-0.000296,-0.000296,-0.000722,-0.000722,-0.000722,-0.000722,-0.000722,-0.000722,-0.000722,-0.000722,-0.000722,-0.000722,-0.000722,-0.000722,-0.000722,Tim31
-535.878784,88.200218,16.695276,46.036343,14.175022,5.846452,-3.733526,-7.777116,-1.995968,-2.27211,-1.068659,-5.603163,-1.985715,0.002276,0.002276,0.002276,0.002276,0.002276,0.002276,0.002276,0.002276,0.002276,0.002276,0.002276,0.002276,0.002276,-0.000916,-0.000916,-0.000916,-0.000916,-0.000916,-0.000916,-0.000916,-0.000916,-0.000916,-0.000916,-0.000916,-0.000916,-0.000916,Tim31
-519.242371,85.410278,-6.909033,31.967075,7.922097,5.002481,-8.135513,1.617406,5.18431,2.126245,5.278887,2.00908,3.073579,-0.004571,-0.004571,-0.004571,-0.004571,-0.004571,-0.004571,-0.004571,-0.004571,-0.004571,-0.004571,-0.004571,-0.004571,-0.004571,0.000372,0.000372,0.000372,0.000372,0.000372,0.000372,0.000372,0.000372,0.000372,0.000372,0.000372,0.000372,0.000372,Tim31
-531.961365,113.674706,15.922096,29.864548,3.49961,5.736852,-2.140366,-6.883441,-4.251709,0.179258,-1.430685,-0.571733,-4.882555,-0.001598,-0.001598,-0.001598,-0.001598,-0.001598,-0.001598,-0.001598,-0.001598,-0.001598,-0.001598,-0.001598,-0.001598,-0.001598,0.006768,0.006768,0.006768,0.006768,0.006768,0.006768,0.006768,0.006768,0.006768,0.006768,0.006768,0.006768,0.006768,Tim31
-527.291138,88.0261,26.571054,50.586475,17.316334,1.633008,-11.604612,-4.829948,3.907904,-0.719762,-1.431987,0.674974,-2.665827,0.000336,0.000336,0.000336,0.000336,0.000336,0.000336,0.000336,0.000336,0.000336,0.000336,0.000336,0.000336,0.000336,-0.003764,-0.003764,-0.003764,-0.003764,-0.003764,-0.003764,-0.003764,-0.003764,-0.003764,-0.003764,-0.003764,-0.003764,-0.003764,Tim31
-618.294495,87.125099,36.03793,59.457909,20.046238,7.429025,-1.881345,1.074122,1.804841,-3.426075,-0.446222,-1.418793,-5.326602,0.003437,0.003437,0.003437,0.003437,0.003437,0.003437,0.003437,0.003437,0.003437,0.003437,0.003437,0.003437,0.003437,0.000663,0.000663,0.000663,0.000663,0.000663,0.000663,0.000663,0.000663,0.000663,0.000663,0.000663,0.000663,0.000663,Tim31
-554.115723,110.218506,4.378591,33.625313,3.669121,9.611472,-3.497967,-0.593497,3.231509,2.928464,3.747253,-0.102019,3.126879,-0.002457,-0.002457,-0.002457,-0.002457,-0.002457,-0.002457,-0.002457,-0.002457,-0.002457,-0.002457,-0.002457,-0.002457,-0.002457,-0.002555,-0.002555,-0.002555,-0.002555,-0.002555,-0.002555,-0.002555,-0.002555,-0.002555,-0.002555,-0.002555,-0.002555,-0.002555,Tim31
-514.430603,95.503464,10.465349,39.489826,8.911371,3.653064,-5.719234,-7.545585,-0.961998,-3.199067,-0.598115,-6.44849,-1.354431,-0.001815,-0.001815,-0.001815,-0.001815,-0.001815,-0.001815,-0.001815,-0.001815,-0.001815,-0.001815,-0.001815,-0.001815,-0.001815,0.00125,0.00125,0.00125,0.00125,0.00125,0.00125,0.00125,0.00125,0.00125,0.00125,0.00125,0.00125,0.00125,Tim31
-511.271271,109.955116,2.43688,27.070511,10.216396,3.914636,-8.38586,-2.396266,6.054299,2.012022,2.398657,3.009223,1.691108,0.001212,0.001212,0.001212,0.001212,0.001212,0.001212,0.001212,0.001212,0.001212,0.001212,0.001212,0.001212,0.001212,-0.000503,-0.000503,-0.000503,-0.000503,-0.000503,-0.000503,-0.000503,-0.000503,-0.000503,-0.000503,-0.000503,-0.000503,-0.000503,Tim31
-487.884918,101.912415,-2.415924,31.478222,6.77162,2.052897,-10.014273,-0.306672,3.221658,2.481826,1.382664,-1.315165,2.424274,0.00145,0.00145,0.00145,0.00145,0.00145,0.00145,0.00145,0.00145,0.00145,0.00145,0.00145,0.00145,0.00145,0.000787,0.000787,0.000787,0.000787,0.000787,0.000787,0.000787,0.000787,0.000787,0.000787,0.000787,0.000787,0.000787,Tim31
-538.593811,112.857376,16.805233,44.458931,11.463914,2.201873,-3.356509,-9.794326,-3.71617,1.560794,-6.091857,-2.30248,-1.660302,0.003806,0.003806,0.003806,0.003806,0.003806,0.003806,0.003806,0.003806,0.003806,0.003806,0.003806,0.003806,0.003806,-0.005209,-0.005209,-0.005209,-0.005209,-0.005209,-0.005209,-0.005209,-0.005209,-0.005209,-0.005209,-0.005209,-0.005209,-0.005209,Tim31
-510.143646,98.570175,15.663132,43.348919,9.000704,1.306101,-7.60568,-7.95597,-3.128418,-2.64235,-1.669748,-3.818175,-6.073158,0.001553,0.001553,0.001553,0.001553,0.001553,0.001553,0.001553,0.001553,0.001553,0.001553,0.001553,0.001553,0.001553,0.000997,0.000997,0.000997,0.000997,0.000997,0.000997,0.000997,0.000997,0.000997,0.000997,0.000997,0.000997,0.000997,Tim31
-485.503784,106.145096,1.952206,36.506428,1.559102,-1.440643,-10.317482,0.191369,0.893518,0.730172,1.61859,-0.159685,0.361616,0.0025,0.0025,0.0025,0.0025,0.0025,0.0025,0.0025,0.0025,0.0025,0.0025,0.0025,0.0025,0.0025,-0.002898,-0.002898,-0.002898,-0.002898,-0.002898,-0.002898,-0.002898,-0.002898,-0.002898,-0.002898,-0.002898,-0.002898,-0.002898,Tim31
-437.457611,95.245758,-2.126346,25.648233,0.72499,-5.653418,-4.708626,-10.840987,-9.16259,-0.157322,-5.934557,-6.297682,-3.764189,-0.009189,-0.009189,-0.009189,-0.009189,-0.009189,-0.009189,-0.009189,-0.009189,-0.009189,-0.009189,-0.009189,-0.009189,-0.009189,-0.000225,-0.000225,-0.000225,-0.000225,-0.000225,-0.000225,-0.000225,-0.000225,-0.000225,-0.000225,-0.000225,-0.000225,-0.000225,Tim31
-485.440704,104.775269,-6.552222,36.736702,5.654254,-1.298447,-9.765112,-2.81735,5.356238,0.940533,1.448824,1.795774,1.561599,0.004118,0.004118,0.004118,0.004118,0.004118,0.004118,0.004118,0.004118,0.004118,0.004118,0.004118,0.004118,0.004118,-0.001485,-0.001485,-0.001485,-0.001485,-0.001485,-0.001485,-0.001485,-0.001485,-0.001485,-0.001485,-0.001485,-0.001485,-0.001485,Tim31
-527.652283,101.454971,18.035448,40.805328,13.978139,3.611802,-7.421207,-3.326286,-0.390068,-1.69426,-1.017086,-2.631962,-2.136859,-0.011119,-0.011119,-0.011119,-0.011119,-0.011119,-0.011119,-0.011119,-0.011119,-0.011119,-0.011119,-0.011119,-0.011119,-0.011119,-0.004366,-0.004366,-0.004366,-0.004366,-0.004366,-0.004366,-0.004366,-0.004366,-0.004366,-0.004366,-0.004366,-0.004366,-0.004366,Tim31
-514.37384,87.853973,16.419718,34.238136,4.365016,6.052635,-5.953594,-7.348727,-5.049788,-0.998849,-2.885715,-5.951042,-3.823186,-0.000436,-0.000436,-0.000436,-0.000436,-0.000436,-0.000436,-0.000436,-0.000436,-0.000436,-0.000436,-0.000436,-0.000436,-0.000436,-0.000391,-0.000391,-0.000391,-0.000391,-0.000391,-0.000391,-0.000391,-0.000391,-0.000391,-0.000391,-0.000391,-0.000391,-0.000391,Tim31
-461.456116,114.941025,-4.406601,27.319511,0.73212,-1.095307,-13.272836,-3.073762,2.051651,1.107942,0.67216,-1.276567,0.228345,-0.001099,-0.001099,-0.001099,-0.001099,-0.001099,-0.001099,-0.001099,-0.001099,-0.001099,-0.001099,-0.001099,-0.001099,-0.001099,-0.002423,-0.002423,-0.002423,-0.002423,-0.002423,-0.002423,-0.002423,-0.002423,-0.002423,-0.002423,-0.002423,-0.002423,-0.002423,Tim31
-463.57193,105.865868,-1.544249,45.906658,8.606049,-6.521025,-3.704274,-11.82401,-10.908113,-2.894839,-6.73539,-9.56249,-3.722025,0.012036,0.012036,0.012036,0.012036,0.012036,0.012036,0.012036,0.012036,0.012036,0.012036,0.012036,0.012036,0.012036,0.000758,0.000758,0.000758,0.000758,0.000758,0.000758,0.000758,0.000758,0.000758,0.000758,0.000758,0.000758,0.000758,Tim31
-494.559509,101.609955,-2.448824,36.086933,5.934318,1.873468,-11.80427,-2.181662,5.109753,0.130529,0.991859,0.479066,1.935314,0.000434,0.000434,0.000434,0.000434,0.000434,0.000434,0.000434,0.000434,0.000434,0.000434,0.000434,0.000434,0.000434,-0.00065,-0.00065,-0.00065,-0.00065,-0.00065,-0.00065,-0.00065,-0.00065,-0.00065,-0.00065,-0.00065,-0.00065,-0.00065,Tim31
-511.555664,108.552658,16.622795,43.35659,10.308076,0.68047,-6.516731,-7.593389,-4.051355,0.36243,-3.300562,-2.30843,-7.870621,0.003946,0.003946,0.003946,0.003946,0.003946,0.003946,0.003946,0.003946,0.003946,0.003946,0.003946,0.003946,0.003946,-0.000126,-0.000126,-0.000126,-0.000126,-0.000126,-0.000126,-0.000126,-0.000126,-0.000126,-0.000126,-0.000126,-0.000126,-0.000126,Tim31
-546.375061,97.48632,16.698202,43.93763,19.815386,1.890758,-5.340832,-5.053578,-0.561998,-6.386851,-3.884124,-0.857886,-1.187898,0.017567,0.017567,0.017567,0.017567,0.017567,0.017567,0.017567,0.017567,0.017567,0.017567,0.017567,0.017567,0.017567,0.000384,0.000384,0.000384,0.000384,0.000384,0.000384,0.000384,0.000384,0.000384,0.000384,0.000384,0.000384,0.000384,Tim31
-457.993011,102.394096,-2.178427,33.486443,3.420518,0.337944,-13.411257,-2.352779,0.413739,-1.964095,0.796633,-2.225234,1.064369,-0.00318,-0.00318,-0.00318,-0.00318,-0.00318,-0.00318,-0.00318,-0.00318,-0.00318,-0.00318,-0.00318,-0.00318,-0.00318,0.001577,0.001577,0.001577,0.001577,0.001577,0.001577,0.001577,0.001577,0.001577,0.001577,0.001577,0.001577,0.001577,Tim31
-491.543488,109.649101,-0.39665,40.556004,9.342721,-0.82438,-8.729821,-2.231902,0.870461,-2.796481,1.476701,0.527845,0.887785,0.001811,0.001811,0.001811,0.001811,0.001811,0.001811,0.001811,0.001811,0.001811,0.001811,0.001811,0.001811,0.001811,0.001606,0.001606,0.001606,0.001606,0.001606,0.001606,0.001606,0.001606,0.001606,0.001606,0.001606,0.001606,0.001606,Tim31
-559.19812,96.270302,18.465807,47.236507,13.599501,6.281435,-0.931372,-3.424155,-1.435343,-2.997351,0.957202,-6.07711,1.405338,0.00081,0.00081,0.00081,0.00081,0.00081,0.00081,0.00081,0.00081,0.00081,0.00081,0.00081,0.00081,0.00081,0.001578,0.001578,0.001578,0.001578,0.001578,0.001578,0.001578,0.001578,0.001578,0.001578,0.001578,0.001578,0.001578,Tim31
-517.53064,103.178772,-3.882239,34.02948,4.82463,6.71057,-6.658356,-0.014637,3.682036,2.994307,3.036865,-0.148958,3.687073,-0.000921,-0.000921,-0.000921,-0.000921,-0.000921,-0.000921,-0.000921,-0.000921,-0.000921,-0.000921,-0.000921,-0.000921,-0.000921,-0.002862,-0.002862,-0.002862,-0.002862,-0.002862,-0.002862,-0.002862,-0.002862,-0.002862,-0.002862,-0.002862,-0.002862,-0.002862,Tim31
-550.160034,95.980858,21.613855,45.587242,14.109682,5.063113,-5.560503,-2.634293,3.535178,-4.176365,3.122357,-4.251107,-3.959105,0.00109,0.00109,0.00109,0.00109,0.00109,0.00109,0.00109,0.00109,0.00109,0.00109,0.00109,0.00109,0.00109,0.00161,0.00161,0.00161,0.00161,0.00161,0.00161,0.00161,0.00161,0.00161,0.00161,0.00161,0.00161,0.00161,Tim31
-537.296875,78.345802,25.759754,52.692493,18.235155,4.633511,-8.784574,-6.995015,5.255831,-3.144108,-4.118499,2.49749,-2.563593,-0.007836,-0.007836,-0.007836,-0.007836,-0.007836,-0.007836,-0.007836,-0.007836,-0.007836,-0.007836,-0.007836,-0.007836,-0.007836,-0.00313,-0.00313,-0.00313,-0.00313,-0.00313,-0.00313,-0.00313,-0.00313,-0.00313,-0.00313,-0.00313,-0.00313,-0.00313,Tim31
-578.181213,100.184425,21.176876,44.958817,13.462842,8.40416,-0.827401,-7.379434,-0.550699,-0.073687,-1.766106,-1.45089,-1.926208,-0.001408,-0.001408,-0.001408,-0.001408,-0.001408,-0.001408,-0.001408,-0.001408,-0.001408,-0.001408,-0.001408,-0.001408,-0.001408,0.001787,0.001787,0.001787,0.001787,0.001787,0.001787,0.001787,0.001787,0.001787,0.001787,0.001787,0.001787,0.001787,Tim31
-494.70871,100.071213,-4.385309,27.195189,6.048379,6.167114,-9.518622,-2.331955,4.747694,2.275873,4.543952,0.635129,3.667509,-0.001572,-0.001572,-0.001572,-0.001572,-0.001572,-0.001572,-0.001572,-0.001572,-0.001572,-0.001572,-0.001572,-0.001572,-0.001572,0.000386,0.000386,0.000386,0.000386,0.000386,0.000386,0.000386,0.000386,0.000386,0.000386,0.000386,0.000386,0.000386,Tim31
-555.855774,89.599602,26.753004,55.987061,15.772493,5.636691,-7.885882,-9.39136,-4.106711,-2.853346,-4.667787,-6.638287,-3.155286,0.001772,0.001772,0.001772,0.001772,0.001772,0.001772,0.001772,0.001772,0.001772,0.001772,0.001772,0.001772,0.001772,0.000132,0.000132,0.000132,0.000132,0.000132,0.000132,0.000132,0.000132,0.000132,0.000132,0.000132,0.000132,0.000132,Tim31
-594.013733,96.762077,22.341513,43.434383,14.154016,9.397711,1.242169,-0.347863,1.157085,1.932937,-0.915901,-1.342494,0.765952,-0.003668,-0.003668,-0.003668,-0.003668,-0.003668,-0.003668,-0.003668,-0.003668,-0.003668,-0.003668,-0.003668,-0.003668,-0.003668,0.00016,0.00016,0.00016,0.00016,0.00016,0.00016,0.00016,0.00016,0.00016,0.00016,0.00016,0.00016,0.00016,Tim31
-516.099121,102.236824,2.159514,29.238735,8.683809,4.290358,-6.466685,-1.360348,2.208216,2.360696,2.874125,-0.550613,3.504355,0.001884,0.001884,0.001884,0.001884,0.001884,0.001884,0.001884,0.001884,0.001884,0.001884,0.001884,0.001884,0.001884,-0.000444,-0.000444,-0.000444,-0.000444,-0.000444,-0.000444,-0.000444,-0.000444,-0.000444,-0.000444,-0.000444,-0.000444,-0.000444,Tim31
-491.482178,96.494247,-1.026127,39.894836,0.531793,1.77082,-9.337187,-1.651467,2.836559,-0.900815,2.539321,0.598181,-0.171072,-0.00318,-0.00318,-0.00318,-0.00318,-0.00318,-0.00318,-0.00318,-0.00318,-0.00318,-0.00318,-0.00318,-0.00318,-0.00318,-0.000563,-0.000563,-0.000563,-0.000563,-0.000563,-0.000563,-0.000563,-0.000563,-0.000563,-0.000563,-0.000563,-0.000563,-0.000563,Tim31
-583.478638,102.71846,19.83737,43.913403,19.141954,9.677047,-2.289889,1.822409,-4.638751,2.520069,-0.471886,-4.206683,1.203456,-0.003298,-0.003298,-0.003298,-0.003298,-0.003298,-0.003298,-0.003298,-0.003298,-0.003298,-0.003298,-0.003298,-0.003298,-0.003298,-0.000217,-0.000217,-0.000217,-0.000217,-0.000217,-0.000217,-0.000217,-0.000217,-0.000217,-0.000217,-0.000217,-0.000217,-0.000217,Tim31
-524.619995,105.321609,9.092488,32.650589,6.210251,2.644377,-3.838305,-0.546693,0.907142,-2.11092,3.155511,2.843476,1.498582,-0.003968,-0.003968,-0.003968,-0.003968,-0.003968,-0.003968,-0.003968,-0.003968,-0.003968,-0.003968,-0.003968,-0.003968,-0.003968,0.001193,0.001193,0.001193,0.001193,0.001193,0.001193,0.001193,0.001193,0.001193,0.001193,0.001193,0.001193,0.001193,Tim31
-556.243591,102.598831,22.71188,49.322872,16.590706,3.33389,-3.360617,-3.825207,-1.480027,-2.336067,-2.58648,-3.082447,-2.496993,0.000676,0.000676,0.000676,0.000676,0.000676,0.000676,0.000676,0.000676,0.000676,0.000676,0.000676,0.000676,0.000676,0.000942,0.000942,0.000942,0.000942,0.000942,0.000942,0.000942,0.000942,0.000942,0.000942,0.000942,0.000942,0.000942,Tim31
-549.348145,89.148766,31.631208,47.85294,9.863322,-0.498084,0.989266,-9.007737,-3.364073,-1.487783,-3.057634,-6.049942,2.611913,0.033935,0.033935,0.033935,0.033935,0.033935,0.033935,0.033935,0.033935,0.033935,0.033935,0.033935,0.033935,0.033935,-0.011601,-0.011601,-0.011601,-0.011601,-0.011601,-0.011601,-0.011601,-0.011601,-0.011601,-0.011601,-0.011601,-0.011601,-0.011601,Tim31
-477.719391,110.769852,-1.566895,32.64188,5.692385,2.923847,-10.757825,-3.295089,-0.437739,-0.339564,0.88309,-3.122901,2.512835,-0.000689,-0.000689,-0.000689,-0.000689,-0.000689,-0.000689,-0.000689,-0.000689,-0.000689,-0.000689,-0.000689,-0.000689,-0.000689,-0.002826,-0.002826,-0.002826,-0.002826,-0.002826,-0.002826,-0.002826,-0.002826,-0.002826,-0.002826,-0.002826,-0.002826,-0.002826,Tim31
-562.679199,89.936356,26.251907,45.602551,14.428294,6.670881,-7.48204,-6.020813,0.986695,-1.222134,-1.668503,-3.145578,0.187351,0.00763,0.00763,0.00763,0.00763,0.00763,0.00763,0.00763,0.00763,0.00763,0.00763,0.00763,0.00763,0.00763,-0.00199,-0.00199,-0.00199,-0.00199,-0.00199,-0.00199,-0.00199,-0.00199,-0.00199,-0.00199,-0.00199,-0.00199,-0.00199,Tim31
-597.353821,96.012314,27.948793,52.932911,18.539881,8.749441,-2.530179,-4.448956,1.698248,-0.0189,-1.951737,-1.951492,-3.222133,0.00413,0.00413,0.00413,0.00413,0.00413,0.00413,0.00413,0.00413,0.00413,0.00413,0.00413,0.00413,0.00413,0.001246,0.001246,0.001246,0.001246,0.001246,0.001246,0.001246,0.001246,0.001246,0.001246,0.001246,0.001246,0.001246,Tim31
-527.658447,104.028534,-7.881589,36.177666,6.155877,5.520551,-9.995448,3.303457,6.675479,3.509926,4.018016,1.384233,2.486753,-0.005367,-0.005367,-0.005367,-0.005367,-0.005367,-0.005367,-0.005367,-0.005367,-0.005367,-0.005367,-0.005367,-0.005367,-0.005367,0.000166,0.000166,0.000166,0.000166,0.000166,0.000166,0.000166,0.000166,0.000166,0.000166,0.000166,0.000166,0.000166,Tim31
-470.853943,103.282341,-6.309946,34.560566,5.247702,-1.720386,-8.505032,1.195704,1.639491,0.157337,1.097158,-0.390322,1.711733,-0.004404,-0.004404,-0.004404,-0.004404,-0.004404,-0.004404,-0.004404,-0.004404,-0.004404,-0.004404,-0.004404,-0.004404,-0.004404,-0.001367,-0.001367,-0.001367,-0.001367,-0.001367,-0.001367,-0.001367,-0.001367,-0.001367,-0.001367,-0.001367,-0.001367,-0.001367,Tim31
-532.855225,104.891441,18.945644,42.398666,13.879449,-0.237866,-2.553605,-6.981604,-2.424864,1.023836,-5.429299,-1.367555,-1.911678,-0.002615,-0.002615,-0.002615,-0.002615,-0.002615,-0.002615,-0.002615,-0.002615,-0.002615,-0.002615,-0.002615,-0.002615,-0.002615,0.000605,0.000605,0.000605,0.000605,0.000605,0.000605,0.000605,0.000605,0.000605,0.000605,0.000605,0.000605,0.000605,Tim31
-564.898254,98.278992,21.903622,47.405895,14.956984,5.312678,-4.326231,-4.335178,0.422716,0.487939,-1.484005,-3.254134,-1.770549,0.002977,0.002977,0.002977,0.002977,0.002977,0.002977,0.002977,0.002977,0.002977,0.002977,0.002977,0.002977,0.002977,-0.000954,-0.000954,-0.000954,-0.000954,-0.000954,-0.000954,-0.000954,-0.000954,-0.000954,-0.000954,-0.000954,-0.000954,-0.000954,Tim31
-464.770294,109.498749,-2.253782,31.91246,2.340865,0.55886,-12.288899,-3.959969,0.672334,1.772921,1.181123,-0.92514,1.761902,-0.002189,-0.002189,-0.002189,-0.002189,-0.002189,-0.002189,-0.002189,-0.002189,-0.002189,-0.002189,-0.002189,-0.002189,-0.002189,-0.002368,-0.002368,-0.002368,-0.002368,-0.002368,-0.002368,-0.002368,-0.002368,-0.002368,-0.002368,-0.002368,-0.002368,-0.002368,Tim31
-520.434814,111.536613,-4.236074,33.087971,4.584956,7.052065,-8.586008,-0.45711,6.316299,3.127251,4.069044,1.17418,1.942912,-0.000095,-0.000095,-0.000095,-0.000095,-0.000095,-0.000095,-0.000095,-0.000095,-0.000095,-0.000095,-0.000095,-0.000095,-0.000095,-0.000308,-0.000308,-0.000308,-0.000308,-0.000308,-0.000308,-0.000308,-0.000308,-0.000308,-0.000308,-0.000308,-0.000308,-0.000308,Tim31
-609.07074,89.951141,33.713486,54.238842,19.490559,10.119866,-6.133771,0.659458,2.671892,-1.76692,0.072198,-1.710656,-4.345189,-0.000779,-0.000779,-0.000779,-0.000779,-0.000779,-0.000779,-0.000779,-0.000779,-0.000779,-0.000779,-0.000779,-0.000779,-0.000779,0.000373,0.000373,0.000373,0.000373,0.000373,0.000373,0.000373,0.000373,0.000373,0.000373,0.000373,0.000373,0.000373,Tim31
-515.410156,85.715538,17.709305,44.002556,12.597308,4.603996,-7.054103,-6.354662,3.999101,-0.414801,-0.199691,0.774577,-1.640657,-0.001372,-0.001372,-0.001372,-0.001372,-0.001372,-0.001372,-0.001372,-0.001372,-0.001372,-0.001372,-0.001372,-0.001372,-0.001372,-0.003135,-0.003135,-0.003135,-0.003135,-0.003135,-0.003135,-0.003135,-0.003135,-0.003135,-0.003135,-0.003135,-0.003135,-0.003135,Tim31
-558.98175,91.085617,20.872129,47.468918,13.832989,5.040131,-4.970652,-5.306889,-0.869994,-0.673628,-1.856693,-3.169026,-0.881813,0.000499,0.000499,0.000499,0.000499,0.000499,0.000499,0.000499,0.000499,0.000499,0.000499,0.000499,0.000499,0.000499,-0.002378,-0.002378,-0.002378,-0.002378,-0.002378,-0.002378,-0.002378,-0.002378,-0.002378,-0.002378,-0.002378,-0.002378,-0.002378,Tim31
-463.549194,101.317268,-5.396265,24.206379,2.507199,0.494243,-9.421082,-3.937468,0.473891,2.15371,2.870519,-1.432656,1.451211,0.00113,0.00113,0.00113,0.00113,0.00113,0.00113,0.00113,0.00113,0.00113,0.00113,0.00113,0.00113,0.00113,0.001276,0.001276,0.001276,0.001276,0.001276,0.001276,0.001276,0.001276,0.001276,0.001276,0.001276,0.001276,0.001276,Tim31
-506.39563,89.919113,16.227001,39.411175,6.607008,1.125173,-5.62185,-9.250793,-7.470395,-3.783021,-1.850285,-6.20893,-3.210363,-0.00208,-0.00208,-0.00208,-0.00208,-0.00208,-0.00208,-0.00208,-0.00208,-0.00208,-0.00208,-0.00208,-0.00208,-0.00208,0.003813,0.003813,0.003813,0.003813,0.003813,0.003813,0.003813,0.003813,0.003813,0.003813,0.003813,0.003813,0.003813,Tim31
-543.840759,98.500656,25.776606,39.691845,13.753291,4.298238,-3.891469,-5.262202,-2.835181,-0.964543,-4.509056,-2.379564,-1.488198,-0.002457,-0.002457,-0.002457,-0.002457,-0.002457,-0.002457,-0.002457,-0.002457,-0.002457,-0.002457,-0.002457,-0.002457,-0.002457,0.000544,0.000544,0.000544,0.000544,0.000544,0.000544,0.000544,0.000544,0.000544,0.000544,0.000544,0.000544,0.000544,Tim31
-513.965881,97.29113,2.321073,36.004593,5.147187,2.065082,-7.929649,-0.243561,4.409419,-0.112667,1.644837,1.055658,-0.129608,0.005417,0.005417,0.005417,0.005417,0.005417,0.005417,0.005417,0.005417,0.005417,0.005417,0.005417,0.005417,0.005417,-0.001251,-0.001251,-0.001251,-0.001251,-0.001251,-0.001251,-0.001251,-0.001251,-0.001251,-0.001251,-0.001251,-0.001251,-0.001251,Tim31
-553.297729,105.470345,16.926805,42.458046,22.003054,6.527911,-7.306256,1.713143,-2.655547,-5.349535,-0.478017,-3.367806,-0.621719,0.00117,0.00117,0.00117,0.00117,0.00117,0.00117,0.00117,0.00117,0.00117,0.00117,0.00117,0.00117,0.00117,-0.001374,-0.001374,-0.001374,-0.001374,-0.001374,-0.001374,-0.001374,-0.001374,-0.001374,-0.001374,-0.001374,-0.001374,-0.001374,Tim31
-499.691895,105.291931,-4.828995,34.313328,3.389353,3.49044,-8.329201,-1.415223,7.597516,3.012257,3.136038,2.17999,0.098624,0.002718,0.002718,0.002718,0.002718,0.002718,0.002718,0.002718,0.002718,0.002718,0.002718,0.002718,0.002718,0.002718,-0.001467,-0.001467,-0.001467,-0.001467,-0.001467,-0.001467,-0.001467,-0.001467,-0.001467,-0.001467,-0.001467,-0.001467,-0.001467,Tim31
-509.510742,87.413834,4.885822,33.070423,7.184383,5.173766,-7.194154,-0.531654,0.378056,3.451575,2.420238,-2.368208,2.500055,-0.00024,-0.00024,-0.00024,-0.00024,-0.00024,-0.00024,-0.00024,-0.00024,-0.00024,-0.00024,-0.00024,-0.00024,-0.00024,-0.0019,-0.0019,-0.0019,-0.0019,-0.0019,-0.0019,-0.0019,-0.0019,-0.0019,-0.0019,-0.0019,-0.0019,-0.0019,Tim31
-580.934387,100.036232,28.219856,46.21278,19.2362,6.8729,-2.198352,-0.899211,-4.092605,-1.329123,-3.262206,-4.040046,-1.401335,0.003403,0.003403,0.003403,0.003403,0.003403,0.003403,0.003403,0.003403,0.003403,0.003403,0.003403,0.003403,0.003403,-0.000878,-0.000878,-0.000878,-0.000878,-0.000878,-0.000878,-0.000878,-0.000878,-0.000878,-0.000878,-0.000878,-0.000878,-0.000878,Tim31
-663.484985,61.772575,-8.438863,30.198761,-4.692366,12.302103,-10.933706,-2.812702,-2.968485,1.937461,-0.745595,3.472731,-1.444188,-0.008274,-0.008274,-0.008274,-0.008274,-0.008274,-0.008274,-0.008274,-0.008274,-0.008274,-0.008274,-0.008274,-0.008274,-0.008274,-0.008274,-0.008274,-0.008274,-0.008274,-0.008274,-0.008274,-0.008274,-0.008274,-0.008274,-0.008274,-0.008274,-0.008274,-0.008274,prova
-654.131653,78.376312,-15.307083,28.292625,-1.210949,1.673608,-17.120319,-3.217629,-5.038264,-0.287185,-4.879345,2.051827,-2.231608,-0.03256,-0.03256,-0.03256,-0.03256,-0.03256,-0.03256,-0.03256,-0.03256,-0.03256,-0.03256,-0.03256,-0.03256,-0.03256,-0.03256,-0.03256,-0.03256,-0.03256,-0.03256,-0.03256,-0.03256,-0.03256,-0.03256,-0.03256,-0.03256,-0.03256,-0.03256,prova
-697.659424,68.34153,-11.849144,21.689507,1.557845,3.669669,-8.037363,-0.455886,-4.091856,1.234914,-0.317207,1.436298,-2.948669,-0.030783,-0.030783,-0.030783,-0.030783,-0.030783,-0.030783,-0.030783,-0.030783,-0.030783,-0.030783,-0.030783,-0.030783,-0.030783,-0.030783,-0.030783,-0.030783,-0.030783,-0.030783,-0.030783,-0.030783,-0.030783,-0.030783,-0.030783,-0.030783,-0.030783,-0.030783,prova
-712.52124,73.222801,-12.404789,26.933687,1.884178,7.265061,-5.670173,-0.014948,-4.858101,1.713487,-0.169365,2.105253,-2.036838,-0.001391,-0.001391,-0.001391,-0.001391,-0.001391,-0.001391,-0.001391,-0.001391,-0.001391,-0.001391,-0.001391,-0.001391,-0.001391,-0.001391,-0.001391,-0.001391,-0.001391,-0.001391,-0.001391,-0.001391,-0.001391,-0.001391,-0.001391,-0.001391,-0.001391,-0.001391,prova
-687.361084,73.325867,-17.815741,23.239721,2.407808,7.118768,-10.844543,-0.907979,-3.346884,2.755799,0.432476,2.986363,-1.171641,-0.019321,-0.019321,-0.019321,-0.019321,-0.019321,-0.019321,-0.019321,-0.019321,-0.019321,-0.019321,-0.019321,-0.019321,-0.019321,-0.019321,-0.019321,-0.019321,-0.019321,-0.019321,-0.019321,-0.019321,-0.019321,-0.019321,-0.019321,-0.019321,-0.019321,-0.019321,prova
-684.159851,72.504593,-10.368397,31.329845,1.831518,8.438828,-6.51695,0.002495,-2.32364,2.741521,0.236767,3.666804,-0.300775,-0.020828,-0.020828,-0.020828,-0.020828,-0.020828,-0.020828,-0.020828,-0.020828,-0.020828,-0.020828,-0.020828,-0.020828,-0.020828,-0.020828,-0.020828,-0.020828,-0.020828,-0.020828,-0.020828,-0.020828,-0.020828,-0.020828,-0.020828,-0.020828,-0.020828,-0.020828,prova
-640.832153,63.685368,-4.287556,28.189926,6.603577,5.868623,-5.207249,-1.608638,1.700116,1.252024,3.064394,3.920899,0.699245,-0.018473,-0.018473,-0.018473,-0.018473,-0.018473,-0.018473,-0.018473,-0.018473,-0.018473,-0.018473,-0.018473,-0.018473,-0.018473,-0.018473,-0.018473,-0.018473,-0.018473,-0.018473,-0.018473,-0.018473,-0.018473,-0.018473,-0.018473,-0.018473,-0.018473,-0.018473,prova
-705.013062,78.512047,-15.639127,17.748329,-2.144879,6.586224,-10.241154,-0.101318,-4.680326,3.096601,-0.921707,0.955952,-3.50457,-0.023846,-0.023846,-0.023846,-0.023846,-0.023846,-0.023846,-0.023846,-0.023846,-0.023846,-0.023846,-0.023846,-0.023846,-0.023846,-0.023846,-0.023846,-0.023846,-0.023846,-0.023846,-0.023846,-0.023846,-0.023846,-0.023846,-0.023846,-0.023846,-0.023846,-0.023846,prova
-716.5271,74.891823,-14.201258,23.398876,0.589906,8.153689,-8.983393,-1.348305,-4.057709,2.652143,0.024947,2.815761,0.568489,-0.030618,-0.030618,-0.030618,-0.030618,-0.030618,-0.030618,-0.030618,-0.030618,-0.030618,-0.030618,-0.030618,-0.030618,-0.030618,-0.030618,-0.030618,-0.030618,-0.030618,-0.030618,-0.030618,-0.030618,-0.030618,-0.030618,-0.030618,-0.030618,-0.030618,-0.030618,prova
-678.43396,67.282303,-11.786914,28.342119,-0.967699,8.445324,-10.043012,-1.067831,-3.537412,0.796836,-1.687693,3.284381,-2.641151,-0.011249,-0.011249,-0.011249,-0.011249,-0.011249,-0.011249,-0.011249,-0.011249,-0.011249,-0.011249,-0.011249,-0.011249,-0.011249,-0.011249,-0.011249,-0.011249,-0.011249,-0.011249,-0.011249,-0.011249,-0.011249,-0.011249,-0.011249,-0.011249,-0.011249,-0.011249,prova
-664.986957,64.017458,-8.560181,28.975481,-2.045097,11.713033,-10.791571,-1.845917,-3.48675,1.381877,-1.606638,3.44272,-1.885871,-0.010846,-0.009879,-0.01001,-0.0084,-0.01054,-0.010131,-0.01089,-0.009614,-0.008289,-0.01081,-0.008344,-0.010372,-0.009093,-0.008499,-0.010091,-0.011115,-0.00909,-0.00884,-0.008278,-0.010308,-0.009721,-0.009725,-0.008651,-0.008662,-0.008888,-0.01079,prova
-672.41667,64.274807,-10.155972,30.242112,-0.827752,9.770987,-10.404406,-0.975851,-2.333749,2.10369,-0.377554,3.562655,-1.062734,-0.013838,-0.014603,-0.020815,-0.016188,-0.019693,-0.014647,-0.014444,-0.013657,-0.012142,-0.017279,-0.020356,-0.010904,-0.010442,-0.015166,-0.015247,-0.015653,-0.018181,-0.017049,-0.010843,-0.011474,-0.01804,-0.011099,-0.020616,-0.018362,-0.018773,-0.010322,prova
-670.11716,68.795887,-9.158335,31.228688,-2.707566,9.179646,-9.046195,-2.657523,-2.878455,2.417146,0.184958,3.571589,-0.696035,-0.017159,-0.011612,-0.009071,-0.015692,-0.01184,-0.014875,-0.011526,-0.0118,-0.016338,-0.01271,-0.01022,-0.012879,-0.015348,-0.011307,-0.0085,-0.01864,-0.01505,-0.016332,-0.020459,-0.019111,-0.018202,-0.018865,-0.013753,-0.012526,-0.012029,-0.009332,prova
-646.182288,62.590677,-4.290946,30.07441,1.930678,8.652435,-7.142643,-1.720277,-1.817742,1.767137,1.947527,3.624087,-0.142406,-0.011491,-0.008524,-0.012874,-0.012039,-0.013005,-0.010082,-0.01517,-0.015572,-0.015856,-0.01775,-0.014291,-0.014843,-0.009401,-0.016175,-0.0114,-0.017256,-0.014704,-0.017748,-0.01028,-0.015971,-0.009882,-0.008705,-0.012136,-0.016297,-0.015544,-0.009399,prova
-658.555443,68.706884,-14.348948,28.411427,-3.047936,11.634775,-14.31917,-2.843237,-4.316211,0.026791,-4.00551,3.461373,-1.476507,-0.019195,-0.01478,-0.031293,-0.017349,-0.008953,-0.027015,-0.02175,-0.031729,-0.027225,-0.015974,-0.026465,-0.024224,-0.024058,-0.012424,-0.030138,-0.009146,-0.017416,-0.017806,-0.01839,-0.009367,-0.025635,-0.022095,-0.019302,-0.019682,-0.019226,-0.020091,prova
-665.046411,72.609915,-10.93702,28.603948,-2.53408,10.374211,-10.857282,-1.275445,-3.115579,2.154522,-0.707458,3.146969,-1.423921,-0.015003,-0.010248,-0.008602,-0.016097,-0.011343,-0.009554,-0.01591,-0.01213,-0.010795,-0.010126,-0.014843,-0.017221,-0.013963,-0.01213,-0.008861,-0.014971,-0.015803,-0.014723,-0.012359,-0.018724,-0.015857,-0.010755,-0.013186,-0.016091,-0.008604,-0.015553,prova
-671.419745,62.812867,-10.000981,29.826126,-1.37261,11.699856,-10.269073,-1.862125,-3.391549,0.934393,-1.09056,3.345106,-1.987699,-0.009091,-0.00951,-0.008856,-0.01119,-0.009376,-0.010868,-0.008428,-0.010435,-0.00997,-0.008393,-0.009346,-0.008564,-0.008948,-0.009647,-0.011043,-0.008983,-0.010169,-0.009684,-0.010973,-0.009763,-0.008562,-0.008704,-0.009882,-0.009787,-0.010353,-0.010232,prova
-657.493517,73.669025,-13.945684,29.319303,-4.27585,6.87537,-15.529934,-2.83573,-4.127232,1.118799,-4.392535,2.222368,-1.491796,-0.010017,-0.013842,-0.013681,-0.02395,-0.01539,-0.029779,-0.021494,-0.025318,-0.01272,-0.01671,-0.009241,-0.014328,-0.027622,-0.025467,-0.019594,-0.027783,-0.010268,-0.019922,-0.031617,-0.014057,-0.01928,-0.019958,-0.009871,-0.010917,-0.029967,-0.029266,prova
-657.625516,64.545748,-10.710337,29.235656,-4.119331,5.8499,-17.070273,-2.911803,-3.738885,0.782346,-1.580833,2.981185,-1.534708,-0.027545,-0.027674,-0.022412,-0.020947,-0.018819,-0.015808,-0.01478,-0.015708,-0.008633,-0.012171,-0.025691,-0.028359,-0.017605,-0.024265,-0.013817,-0.014117,-0.020724,-0.015699,-0.019726,-0.016681,-0.009105,-0.010917,-0.01662,-0.008909,-0.008318,-0.014652,prova
-685.490031,73.65669,-15.742062,27.456078,2.126659,7.097327,-12.498207,-1.325991,-4.05391,1.075226,-2.68286,2.486958,-1.522622,-0.028425,-0.020798,-0.023005,-0.023009,-0.025661,-0.019754,-0.022654,-0.022751,-0.021302,-0.025503,-0.029015,-0.022678,-0.023375,-0.031687,-0.025687,-0.02182,-0.025548,-0.02301,-0.025557,-0.024233,-0.023134,-0.02783,-0.020235,-0.029089,-0.027348,-0.019773,prova
-679.742074,74.81759,-10.730935,30.809112,-0.437265,6.684156,-11.54243,-0.258352,-3.273121,0.412265,-3.376597,3.365575,-1.568086,-0.031038,-0.027782,-0.029376,-0.031523,-0.030476,-0.029899,-0.029598,-0.02088,-0.026468,-0.021599,-0.022111,-0.022498,-0.021785,-0.025267,-0.020974,-0.021515,-0.021598,-0.025421,-0.026832,-0.028675,-0.027824,-0.031742,-0.030511,-0.024133,-0.02683,-0.02518,prova
-676.409897,73.143562,-12.604541,28.333268,-1.085422,2.672804,-13.979726,-3.178081,-3.598636,-0.217082,-4.504136,3.160629,-2.484225,-0.022078,-0.014428,-0.028375,-0.022426,-0.020363,-0.026493,-0.03124,-0.030597,-0.023472,-0.028079,-0.014662,-0.032554,-0.016633,-0.018031,-0.012051,-0.031618,-0.02877,-0.029808,-0.017151,-0.028717,-0.025453,-0.015027,-0.028382,-0.026971,-0.031157,-0.025217,prova
-663.075974,68.397612,-13.44968,29.328222,-2.690354,3.385126,-15.348279,-3.04516,-3.916935,1.329392,-4.33219,2.103851,-1.909955,-0.030874,-0.030756,-0.014728,-0.023912,-0.015035,-0.014092,-0.029629,-0.024768,-0.016621,-0.019824,-0.026168,-0.014989,-0.029287,-0.009207,-0.027615,-0.011413,-0.011819,-0.011825,-0.009985,-0.013941,-0.028095,-0.031951,-0.010558,-0.017454,-0.015063,-0.026414,prova
-665.803444,69.818678,-14.197647,28.339236,-1.001151,6.289763,-10.497102,-1.090297,-4.995601,0.355006,-2.023846,2.758044,-2.438352,-0.028351,-0.025997,-0.023661,-0.013262,-0.026836,-0.025351,-0.022206,-0.032388,-0.025595,-0.016219,-0.024482,-0.025093,-0.028821,-0.02733,-0.01781,-0.025115,-0.026102,-0.01747,-0.013891,-0.012553,-0.02493,-0.029945,-0.028663,-0.024489,-0.011339,-0.019362,prova
-665.868996,76.074838,-15.085102,30.764882,0.598893,4.683585,-15.358751,-2.322564,-2.391106,2.215985,-3.710574,2.18361,-1.30588,-0.032361,-0.024649,-0.022015,-0.020925,-0.022573,-0.025996,-0.026033,-0.028005,-0.029245,-0.031561,-0.027532,-0.026041,-0.02533,-0.027422,-0.02206,-0.030537,-0.026284,-0.024909,-0.031985,-0.028735,-0.024035,-0.026803,-0.021072,-0.025725,-0.021342,-0.027812,prova
-665.738463,67.464725,-13.907279,28.303206,-1.07475,5.836126,-11.907648,-2.965112,-3.786189,-0.2223,-1.970756,2.550561,-2.267427,-0.018339,-0.014561,-0.014159,-0.017738,-0.01402,-0.019009,-0.028607,-0.022677,-0.030944,-0.026233,-0.019601,-0.029991,-0.01829,-0.028086,-0.032544,-0.013863,-0.016452,-0.02505,-0.020462,-0.028147,-0.024132,-0.018697,-0.029094,-0.029596,-0.014101,-0.031571,prova
-667.681053,76.840354,-15.399312,23.435032,-0.777143,4.361199,-11.925584,-1.6177,-4.298093,-0.067562,-3.606289,2.581098,-1.420581,-0.023161,-0.0272,-0.025951,-0.031835,-0.020249,-0.025809,-0.029807,-0.028383,-0.024171,-0.020071,-0.026154,-0.020433,-0.020142,-0.023996,-0.028489,-0.02255,-0.02072,-0.022085,-0.024643,-0.031136,-0.025189,-0.032358,-0.028579,-0.023499,-0.032098,-0.031,prova
-671.609638,74.891127,-13.484217,28.340578,-1.059142,1.919911,-17.020523,-1.836662,-3.829974,-0.139938,-2.183286,3.197485,-2.313479,-0.026309,-0.021965,-0.022461,-0.024427,-0.016905,-0.018147,-0.014443,-0.027979,-0.018895,-0.015084,-0.016113,-0.016978,-0.031308,-0.018822,-0.025392,-0.015732,-0.017905,-0.02233,-0.013651,-0.013591,-0.01536,-0.024034,-0.021611,-0.023016,-0.014409,-0.031329,prova
-689.689223,69.018903,-13.155629,22.896139,2.336385,6.217161,-9.825767,-0.896782,-3.825028,2.362202,0.035076,2.719464,-2.378142,-0.028005,-0.028761,-0.024574,-0.021652,-0.024738,-0.029371,-0.030199,-0.029211,-0.027555,-0.027623,-0.020935,-0.021869,-0.020107,-0.022875,-0.02411,-0.022547,-0.023054,-0.023374,-0.023725,-0.029104,-0.029493,-0.021766,-0.029741,-0.029573,-0.021739,-0.026097,prova
-684.178281,69.762762,-10.561683,28.500677,1.771993,6.374474,-7.230657,-0.076755,-3.863589,2.235235,-0.126899,3.005504,-1.884351,-0.029459,-0.021362,-0.024354,-0.028079,-0.025577,-0.024029,-0.030642,-0.030621,-0.023923,-0.023373,-0.023488,-0.024078,-0.02455,-0.021608,-0.029978,-0.020864,-0.030707,-0.024105,-0.029288,-0.02252,-0.025905,-0.025843,-0.023552,-0.029902,-0.021756,-0.022825,prova
-698.08835,72.549338,-13.312223,22.738137,0.650549,6.708707,-8.151415,-0.651613,-4.060562,2.522685,-0.042164,1.691877,-0.351,-0.030766,-0.03076,-0.030684,-0.030678,-0.03063,-0.030701,-0.030735,-0.030641,-0.030682,-0.030622,-0.030752,-0.03064,-0.030669,-0.030743,-0.030765,-0.030719,-0.030666,-0.03064,-0.030682,-0.030652,-0.030695,-0.030663,-0.030681,-0.030756,-0.030652,-0.030782,prova
-710.07433,71.357363,-11.887525,22.756076,1.855256,4.551414,-7.160484,-0.320195,-4.144329,1.384905,-0.21344,1.491532,-2.468205,-0.027588,-0.018365,-0.005325,-0.012189,-0.010953,-0.027433,-0.02221,-0.027007,-0.007883,-0.011607,-0.017608,-0.013067,-0.014811,-0.02239,-0.006207,-0.007561,-0.02793,-0.003816,-0.002936,-0.023655,-0.018792,-0.005904,-0.018527,-0.019498,-0.026958,-0.018977,prova
-702.121118,76.957844,-11.856041,21.653694,-1.85181,6.362019,-8.545104,-0.24223,-4.210507,1.772649,-0.846874,1.366743,-3.056477,-0.026043,-0.028921,-0.024837,-0.028637,-0.029206,-0.02722,-0.02989,-0.029536,-0.024578,-0.025662,-0.029176,-0.030663,-0.024435,-0.030328,-0.028179,-0.029572,-0.029553,-0.028226,-0.029816,-0.025301,-0.029753,-0.024964,-0.02437,-0.029634,-0.025019,-0.029403,prova
-711.941837,69.756056,-12.121648,24.102516,1.817351,7.086936,-6.922339,-0.10123,-4.494051,1.295513,-0.235036,1.488758,-2.866834,-0.028152,-0.030725,-0.018542,-0.014539,-0.027017,-0.006135,-0.026474,-0.007615,-0.005683,-0.026562,-0.017646,-0.002914,-0.028361,-0.008841,-0.015547,-0.025659,-0.016957,-0.012247,-0.029562,-0.005418,-0.029131,-0.024321,-0.005627,-0.030108,-0.017002,-0.014547,prova
-711.599182,74.75269,-11.876465,23.273756,1.180176,4.649202,-8.114233,-1.242715,-4.069719,2.572752,-0.099698,2.068863,-0.025562,-0.030633,-0.030644,-0.030624,-0.030741,-0.030708,-0.03064,-0.030766,-0.030619,-0.030714,-0.030742,-0.030773,-0.03062,-0.030682,-0.030659,-0.030643,-0.03071,-0.030707,-0.030766,-0.030677,-0.030719,-0.030732,-0.030653,-0.030781,-0.03065,-0.030677,-0.030635,prova
-703.813498,74.933206,-14.41051,18.881831,-0.481048,3.706345,-8.915196,-0.103954,-4.158452,2.990411,-0.375169,1.409509,-3.189861,-0.025928,-0.029426,-0.025815,-0.027311,-0.023999,-0.025963,-0.030128,-0.026996,-0.027592,-0.025707,-0.024473,-0.026466,-0.024147,-0.024114,-0.024439,-0.028826,-0.027666,-0.024409,-0.029692,-0.029405,-0.028602,-0.026308,-0.025306,-0.024859,-0.028232,-0.026645,prova
-712.939,71.061635,-12.629346,22.012326,1.039011,7.843282,-8.937667,-0.663071,-4.05872,2.4287,0.023727,2.153829,-2.521094,-0.030783,-0.030626,-0.030667,-0.030778,-0.03072,-0.030671,-0.030643,-0.030656,-0.030682,-0.030621,-0.030627,-0.03073,-0.030727,-0.030751,-0.030639,-0.030719,-0.030727,-0.030638,-0.030666,-0.030695,-0.030682,-0.030676,-0.030619,-0.030716,-0.030768,-0.030779,prova
-689.016359,73.260152,-13.898415,23.588355,2.236027,7.171599,-7.641064,-0.87947,-4.728098,2.172983,-0.130608,2.824143,-1.443876,-0.005652,-0.008252,-0.004209,-0.018281,-0.013053,-0.002359,-0.010076,-0.017412,-0.005128,-0.012274,-0.014078,-0.005318,-0.014659,-0.012624,-0.012998,-0.003669,-0.010997,-0.015069,-0.002744,-0.013072,-0.01368,-0.005935,-0.005097,-0.003337,-0.008706,-0.004881,prova
-710.376686,72.895165,-12.035918,24.598508,1.62855,6.608508,-5.95387,-0.100132,-4.550627,1.392422,-0.189877,1.73688,-2.908022,-0.013863,-0.023777,-0.021711,-0.012052,-0.009785,-0.021269,-0.020341,-0.015569,-0.006786,-0.019998,-0.020783,-0.013332,-0.023935,-0.011033,-0.018946,-0.011374,-0.011764,-0.025242,-0.021423,-0.006153,-0.004404,-0.028541,-0.010245,-0.004123,-0.007645,-0.023166,prova
-703.251339,70.817205,-12.023741,24.501608,1.842484,5.880929,-6.47194,-0.082763,-4.493763,1.613412,-0.191667,1.973656,-2.144365,-0.017878,-0.020682,-0.02582,-0.004425,-0.006167,-0.005174,-0.009517,-0.012928,-0.023156,-0.025176,-0.009243,-0.028221,-0.022442,-0.018221,-0.027823,-0.011785,-0.011115,-0.00465,-0.010311,-0.013124,-0.007606,-0.004399,-0.026815,-0.013978,-0.021005,-0.012476,prova
-705.653422,73.086869,-12.103556,22.251431,1.599298,4.806883,-5.947517,-0.301512,-4.139879,1.598358,-0.227821,1.52804,-2.083998,-0.020544,-0.018055,-0.030111,-0.004013,-0.023097,-0.018222,-0.00635,-0.002229,-0.016138,-0.021577,-0.005713,-0.002301,-0.004466,-0.01825,-0.030453,-0.008322,-0.026795,-0.029803,-0.0285,-0.008683,-0.001837,-0.026116,-0.003027,-0.009584,-0.029916,-0.014603,prova
-689.38464,73.316016,-17.033808,24.664139,2.017864,7.170336,-9.90722,-0.3746,-3.824118,2.636154,-0.137875,2.581888,-1.221996,-0.015346,-0.016692,-0.009296,-0.00318,-0.012549,-0.005944,-0.016217,-0.002179,-0.004447,-0.012415,-0.017156,-0.005844,-0.001868,-0.016138,-0.004928,-0.015376,-0.010252,-0.010317,-0.003251,-0.008476,-0.002764,-0.003757,-0.007206,-0.017924,-0.006585,-0.009886,prova
-706.5599,72.754456,-12.180422,23.115221,1.828835,6.419052,-5.863796,-0.069345,-4.531747,1.268644,-0.264206,1.908643,-2.918994,-0.015201,-0.018405,-0.00612,-0.013744,-0.010694,-0.008684,-0.008683,-0.007978,-0.012377,-0.029769,-0.025528,-0.019266,-0.016771,-0.028357,-0.026892,-0.006569,-0.007427,-0.02369,-0.027787,-0.012702,-0.006297,-0.026085,-0.027761,-0.027694,-0.004499,-0.018871,prova
-692.428862,73.324888,-16.446026,26.294793,2.262058,7.180261,-9.830014,-0.644038,-3.626761,1.813817,0.395752,2.725164,-1.645497,-0.012345,-0.013563,-0.00742,-0.00738,-0.006668,-0.005623,-0.009439,-0.014859,-0.004135,-0.019205,-0.008214,-0.013069,-0.018605,-0.014312,-0.01256,-0.010062,-0.002054,-0.015474,-0.001767,-0.006517,-0.012098,-0.011467,-0.016457,-0.003462,-0.016021,-0.016159,prova
-702.320502,71.342915,-11.912064,22.36992,1.640792,6.752324,-6.672536,-0.3933,-4.378186,1.616239,-0.247866,2.078905,-2.357552,-0.002644,-0.022926,-0.011583,-0.022617,-0.025331,-0.020777,-0.013662,-0.014905,-0.008746,-0.012746,-0.009267,-0.025692,-0.02801,-0.030077,-0.02109,-0.02613,-0.019362,-0.002649,-0.00626,-0.013348,-0.009455,-0.004246,-0.01117,-0.019939,-0.016011,-0.021097,prova
-703.097466,72.778153,-12.321781,25.866275,1.745626,6.011374,-7.768933,-0.149122,-4.600309,1.40142,-0.281428,1.526054,-2.42524,-0.009422,-0.003321,-0.02121,-0.006469,-0.015983,-0.010563,-0.00742,-0.006174,-0.005888,-0.029888,-0.030399,-0.021495,-0.006578,-0.017448,-0.021553,-0.026873,-0.015397,-0.025738,-0.017704,-0.026336,-0.002408,-0.011802,-0.02931,-0.007147,-0.02752,-0.023787,prova
-694.555914,74.011855,-17.690006,20.489103,-1.145541,6.737324,-10.26076,-0.736291,-3.391385,3.019407,-0.047111,2.745768,-3.292548,-0.021967,-0.021944,-0.023019,-0.023396,-0.021072,-0.020454,-0.020275,-0.023545,-0.022906,-0.023518,-0.019901,-0.022498,-0.022121,-0.019568,-0.020443,-0.020996,-0.021447,-0.022488,-0.022273,-0.019868,-0.020238,-0.022137,-0.023469,-0.020918,-0.019458,-0.019854,prova
-694.516372,71.19026,-16.970219,23.150209,2.110458,6.650946,-10.140915,-0.700806,-3.730721,1.444878,0.270017,2.901424,-2.369998,-0.025615,-0.028919,-0.024874,-0.026964,-0.024368,-0.024516,-0.020842,-0.021239,-0.021432,-0.028546,-0.028203,-0.02171,-0.028955,-0.021721,-0.028711,-0.027818,-0.025997,-0.021306,-0.027956,-0.028006,-0.029148,-0.022564,-0.027322,-0.027106,-0.026799,-0.020591,prova
-684.157206,69.575392,-14.780055,24.435051,1.702618,7.448383,-10.458577,-1.02576,-3.496845,1.213622,-1.662971,3.065006,-1.934945,-0.011634,-0.012604,-0.011342,-0.019304,-0.019053,-0.016495,-0.015433,-0.012499,-0.014175,-0.013214,-0.01577,-0.014287,-0.018584,-0.013382,-0.019178,-0.016414,-0.014225,-0.016741,-0.014477,-0.012143,-0.011827,-0.015057,-0.01619,-0.014037,-0.01603,-0.015534,prova
-684.82445,73.17931,-14.503407,27.778685,1.849403,7.366456,-8.862664,-0.555181,-2.429666,2.752784,0.323385,3.623881,-0.332389,-0.020115,-0.020787,-0.0204,-0.020157,-0.019905,-0.020668,-0.01941,-0.019562,-0.019483,-0.020418,-0.020706,-0.020509,-0.020207,-0.019635,-0.019868,-0.020065,-0.020111,-0.02053,-0.019615,-0.020572,-0.01962,-0.02077,-0.020811,-0.020073,-0.019426,-0.020503,prova
-695.407358,72.927105,-15.135441,22.273818,1.844585,4.73988,-10.57573,-0.829793,-4.027589,1.73397,0.025816,2.216626,-2.690721,-0.030575,-0.024778,-0.026739,-0.029292,-0.02827,-0.021778,-0.025351,-0.026201,-0.030562,-0.03034,-0.026531,-0.021718,-0.023617,-0.030632,-0.028041,-0.021098,-0.027024,-0.028403,-0.030356,-0.019844,-0.022823,-0.023359,-0.03038,-0.022862,-0.027465,-0.020162,prova
-696.996824,71.331687,-14.628102,22.002893,1.663168,4.667055,-8.371593,-0.856537,-3.614551,2.321515,0.222895,2.066014,-2.127274,-0.029962,-0.027306,-0.028346,-0.02399,-0.026117,-0.023736,-0.024689,-0.030596,-0.020648,-0.021149,-0.029079,-0.021758,-0.023527,-0.023039,-0.025654,-0.019721,-0.021863,-0.022336,-0.029697,-0.029095,-0.029628,-0.024621,-0.024662,-0.026498,-0.028135,-0.02151,prova
-696.328088,75.100023,-16.090381,21.801943,1.121036,6.904796,-10.470569,-0.714488,-3.516222,2.847745,-0.351809,1.735534,-1.930185,-0.022671,-0.020134,-0.021415,-0.022875,-0.019504,-0.023544,-0.020387,-0.023541,-0.02199,-0.022151,-0.020693,-0.019934,-0.022186,-0.020626,-0.023541,-0.022554,-0.022958,-0.022012,-0.020333,-0.021502,-0.021229,-0.021825,-0.01989,-0.021405,-0.019915,-0.023198,prova
-684.809371,72.968185,-17.811994,27.626481,1.616609,7.159761,-10.669261,-1.039624,-3.480807,0.823897,-0.695421,3.24963,-2.332269,-0.0114,-0.015004,-0.014443,-0.015286,-0.011939,-0.018638,-0.013497,-0.019191,-0.017575,-0.011406,-0.013344,-0.01339,-0.014347,-0.012245,-0.017387,-0.012101,-0.014493,-0.011814,-0.018248,-0.018762,-0.01844,-0.011633,-0.018906,-0.018128,-0.017795,-0.015163,prova
-699.971909,77.851052,-15.777917,19.205682,1.622727,7.009838,-10.79719,-0.466209,-3.378896,2.976962,-0.686628,1.643272,-3.357281,-0.02056,-0.021613,-0.022729,-0.023082,-0.022895,-0.022998,-0.020495,-0.020098,-0.020665,-0.020492,-0.020261,-0.023147,-0.021517,-0.020808,-0.021637,-0.02066,-0.02349,-0.021519,-0.020848,-0.020805,-0.021934,-0.022015,-0.023623,-0.020568,-0.019689,-0.02257,prova
-704.21199,77.02529,-10.389614,26.063657,0.594329,7.950872,-9.894768,-0.00991,-2.414897,3.05155,-0.38031,2.641318,-2.16065,-0.023406,-0.022869,-0.022302,-0.022156,-0.021984,-0.021509,-0.021306,-0.023466,-0.023204,-0.0211,-0.022308,-0.022387,-0.021806,-0.02121,-0.023076,-0.022605,-0.021893,-0.021939,-0.02371,-0.022915,-0.02185,-0.023643,-0.023508,-0.021518,-0.0226,-0.021506,prova
-678.659958,71.802045,-11.607587,30.779633,1.426044,8.441787,-7.314578,-0.557536,-2.995355,0.819723,-0.002001,3.55195,-1.883835,-0.017674,-0.017388,-0.014849,-0.012351,-0.017094,-0.019146,-0.020569,-0.016305,-0.019308,-0.017135,-0.020327,-0.014171,-0.017807,-0.018419,-0.017213,-0.014323,-0.019258,-0.012705,-0.018471,-0.018992,-0.013829,-0.013466,-0.020826,-0.014065,-0.013516,-0.011405,prova
-702.918952,74.691095,-15.488845,23.439798,-1.344967,7.009578,-6.609103,-0.035197,-4.366018,2.887436,-0.752557,3.459233,-2.203426,-0.023545,-0.022683,-0.02221,-0.022007,-0.023442,-0.022126,-0.021382,-0.022273,-0.02187,-0.021267,-0.021812,-0.022882,-0.022947,-0.023354,-0.02175,-0.021384,-0.023331,-0.022247,-0.023345,-0.02228,-0.023538,-0.023254,-0.02248,-0.021403,-0.021038,-0.02152,prova
-685.49213,73.210296,-11.239993,25.012333,2.318269,7.798681,-9.880846,-0.186214,-2.615424,2.744284,0.350666,3.002347,-0.782409,-0.019982,-0.019527,-0.020478,-0.020091,-0.02021,-0.01935,-0.019758,-0.020314,-0.019697,-0.020091,-0.019992,-0.020463,-0.020085,-0.02055,-0.019924,-0.020713,-0.020724,-0.01961,-0.020201,-0.019899,-0.019552,-0.020582,-0.020532,-0.020115,-0.02037,-0.019406,prova
-686.260933,72.640388,-16.079571,24.445901,1.898294,7.18341,-7.495039,-0.358316,-2.624964,2.754735,0.285614,3.085865,-0.755834,-0.01956,-0.019507,-0.019716,-0.019569,-0.019596,-0.020377,-0.020184,-0.020452,-0.020724,-0.020104,-0.020795,-0.019931,-0.019348,-0.020545,-0.019873,-0.01944,-0.020683,-0.019556,-0.02003,-0.01983,-0.019653,-0.020505,-0.020231,-0.02071,-0.020769,-0.020497,prova
-688.896941,72.217021,-10.564755,27.710056,1.663985,6.983453,-7.003674,-0.337985,-2.605424,1.94963,0.109047,2.957363,-2.884744,-0.026244,-0.02996,-0.028516,-0.021487,-0.021726,-0.030406,-0.023974,-0.023739,-0.023507,-0.025319,-0.026008,-0.021086,-0.030752,-0.027141,-0.028903,-0.024454,-0.0277,-0.022513,-0.02295,-0.02366,-0.027931,-0.023273,-0.026154,-0.025993,-0.024283,-0.026296,prova
-684.088769,71.12117,-11.398655,28.46067,1.413549,8.443576,-6.528237,-0.366131,-3.342009,2.329271,-0.743899,3.404912,-2.219314,-0.013548,-0.013952,-0.020461,-0.016665,-0.020714,-0.01892,-0.018152,-0.014739,-0.014449,-0.015494,-0.011341,-0.015002,-0.019842,-0.017321,-0.020783,-0.011754,-0.018568,-0.014652,-0.019638,-0.017398,-0.011551,-0.013677,-0.018073,-0.013245,-0.01998,-0.017591,prova
-684.315423,72.582312,-11.394505,26.202006,2.3035,8.320122,-10.0929,-0.326024,-2.589855,2.742929,0.391545,3.225544,-1.056686,-0.020238,-0.020394,-0.019463,-0.020174,-0.020192,-0.01961,-0.019841,-0.020823,-0.019428,-0.020108,-0.020096,-0.019463,-0.020252,-0.019578,-0.019698,-0.020789,-0.020118,-0.019753,-0.020591,-0.020565,-0.019913,-0.019383,-0.02012,-0.01977,-0.020208,-0.020379,prova
-667.491287,66.440435,-9.533531,30.689789,-0.053114,8.633492,-6.606459,-2.654083,-2.820259,2.355104,-0.588707,3.59534,-0.752777,-0.020052,-0.014983,-0.014874,-0.016329,-0.012613,-0.018677,-0.008299,-0.015593,-0.013401,-0.014442,-0.01645,-0.012267,-0.010927,-0.012167,-0.020268,-0.013072,-0.008475,-0.01535,-0.020662,-0.015695,-0.019319,-0.016326,-0.017768,-0.011837,-0.009087,-0.014366,prova
-641.168256,64.433178,-7.138272,28.314997,-0.862871,7.240515,-8.573481,-1.587076,0.840429,1.151456,2.49099,3.816794,-0.812878,-0.014147,-0.014906,-0.016192,-0.018098,-0.011818,-0.014286,-0.01238,-0.012716,-0.016569,-0.016235,-0.012434,-0.01233,-0.013889,-0.012788,-0.011783,-0.016113,-0.013758,-0.016955,-0.01756,-0.012815,-0.015147,-0.012961,-0.011724,-0.017282,-0.015434,-0.017339,prova
-653.116731,67.641584,-15.043654,28.248347,3.312579,2.236392,-15.344614,-2.605484,-4.389098,0.302562,-4.38019,3.479915,0.335947,-0.020841,-0.021844,-0.019184,-0.031255,-0.027716,-0.022278,-0.026026,-0.028207,-0.024449,-0.025727,-0.020405,-0.021678,-0.031105,-0.029865,-0.031929,-0.021509,-0.026254,-0.030858,-0.028491,-0.030169,-0.022416,-0.026897,-0.021879,-0.028878,-0.024036,-0.027924,prova
-661.408177,64.637432,-9.122416,30.862008,5.584356,6.194872,-5.793763,-1.086061,0.891508,2.735008,0.246224,3.870452,0.406047,-0.020252,-0.018594,-0.020604,-0.018802,-0.019559,-0.019931,-0.020469,-0.020284,-0.018816,-0.020464,-0.019596,-0.020158,-0.020409,-0.019401,-0.019483,-0.020474,-0.020238,-0.019604,-0.020484,-0.018866,-0.018875,-0.019746,-0.019782,-0.020506,-0.020824,-0.02082,prova
-644.533309,74.791858,-11.150481,28.269636,2.844056,4.174666,-15.564222,-2.030606,0.546398,-0.12822,-2.271819,3.222796,-2.011158,-0.02779,-0.02961,-0.021446,-0.022016,-0.031571,-0.032001,-0.029014,-0.028252,-0.019174,-0.028713,-0.03022,-0.026045,-0.030832,-0.020659,-0.028094,-0.031104,-0.023589,-0.030473,-0.018777,-0.025096,-0.029401,-0.021506,-0.024957,-0.031287,-0.028984,-0.031788,prova
-658.190575,64.028196,-4.539849,28.324938,6.260621,7.305327,-7.079961,-1.496433,1.543721,0.936091,1.395696,3.760444,0.02131,-0.012655,-0.013807,-0.012267,-0.016346,-0.01687,-0.011661,-0.015553,-0.015997,-0.013279,-0.017092,-0.013986,-0.017777,-0.018115,-0.016222,-0.013095,-0.013536,-0.017546,-0.013927,-0.017271,-0.017574,-0.017784,-0.018319,-0.015708,-0.015641,-0.016885,-0.013754,prova
-670.942998,65.127479,-4.963916,28.321744,3.738082,7.718877,-9.666797,-1.381096,-2.618881,1.168572,0.766008,3.407842,-0.307198,-0.014435,-0.017991,-0.012881,-0.016676,-0.012204,-0.016194,-0.016109,-0.012628,-0.013451,-0.016863,-0.017321,-0.016145,-0.018034,-0.01245,-0.014797,-0.012396,-0.014339,-0.014086,-0.012197,-0.016746,-0.016958,-0.012258,-0.014142,-0.018328,-0.012061,-0.01435,prova
-644.044949,64.823147,-6.382767,28.20607,3.51692,7.810897,-5.87441,-1.280598,-2.061463,1.08042,1.672202,3.51421,-1.220607,-0.01381,-0.014209,-0.015967,-0.01406,-0.011785,-0.011625,-0.014511,-0.011999,-0.013105,-0.013426,-0.011396,-0.015717,-0.012513,-0.013822,-0.012135,-0.014039,-0.014833,-0.016909,-0.011868,-0.014225,-0.018421,-0.015071,-0.013165,-0.01259,-0.011789,-0.011466,prova
-656.407942,63.268742,-4.905609,29.040437,-4.357176,6.700303,-9.110166,-2.095026,-0.842036,1.893074,1.984865,3.53393,0.501255,-0.012192,-0.012417,-0.012167,-0.014287,-0.017308,-0.017033,-0.01725,-0.012184,-0.012614,-0.014224,-0.017256,-0.016009,-0.014902,-0.017907,-0.014803,-0.017464,-0.013241,-0.01561,-0.012317,-0.009429,-0.014921,-0.013142,-0.009476,-0.016534,-0.008473,-0.017916,prova
-665.145239,70.630927,-7.757239,24.418376,4.04543,6.905204,-7.185573,-1.401612,-2.249022,2.601065,0.736473,3.290558,-0.276847,-0.01883,-0.019019,-0.018871,-0.018605,-0.018601,-0.018937,-0.018561,-0.018486,-0.018703,-0.018908,-0.018922,-0.019295,-0.018745,-0.018706,-0.018676,-0.019236,-0.018986,-0.018922,-0.018761,-0.018719,-0.018586,-0.018824,-0.018836,-0.019266,-0.019279,-0.019048,prova
-702.064463,75.592982,-16.902515,20.632617,1.488061,6.809563,-10.751832,-0.107817,-4.25437,2.854331,0.418045,1.699645,-1.428588,-0.023261,-0.022167,-0.02166,-0.022367,-0.020863,-0.021591,-0.022574,-0.022591,-0.020569,-0.02066,-0.020681,-0.021171,-0.021416,-0.020466,-0.019797,-0.020463,-0.021934,-0.022264,-0.020402,-0.021605,-0.023508,-0.02128,-0.020443,-0.02132,-0.021392,-0.020824,prova
-700.566903,74.743057,-13.70391,21.008694,-0.880362,4.932092,-9.26976,-0.313542,-4.637357,1.689744,-0.855953,0.988781,-3.123027,-0.026754,-0.029935,-0.028092,-0.028994,-0.028465,-0.029573,-0.024769,-0.026289,-0.028153,-0.02484,-0.024551,-0.030232,-0.026777,-0.028763,-0.024357,-0.029625,-0.026742,-0.028171,-0.026733,-0.028808,-0.026349,-0.026826,-0.025164,-0.027026,-0.030143,-0.025157,prova
-715.62885,76.589333,-15.386071,22.768279,-1.638515,7.430931,-9.978881,-0.532705,-4.232077,3.093917,-0.486352,1.206314,-2.944382,-0.027326,-0.024341,-0.029211,-0.029911,-0.027423,-0.026339,-0.026049,-0.028146,-0.029761,-0.029071,-0.023981,-0.028947,-0.030066,-0.027867,-0.029126,-0.029925,-0.027546,-0.029298,-0.029168,-0.030025,-0.02665,-0.0257,-0.025814,-0.029192,-0.029483,-0.029871,prova
-686.452176,77.245381,-12.681543,28.040168,-1.501172,7.632035,-6.802645,-0.030393,-3.685828,2.744972,-0.423313,3.107919,-1.638957,-0.021224,-0.021822,-0.021605,-0.023339,-0.023514,-0.021471,-0.023348,-0.020916,-0.023165,-0.020965,-0.023804,-0.021992,-0.023344,-0.021329,-0.023052,-0.022248,-0.021589,-0.02349,-0.02289,-0.021131,-0.021872,-0.023489,-0.023773,-0.0209,-0.023256,-0.022485,prova
-690.382182,74.513793,-12.23825,27.075538,-0.083169,6.810772,-7.757999,-0.018309,-3.601146,2.867162,-0.002842,2.603654,-3.059485,-0.022186,-0.023388,-0.021203,-0.02376,-0.022489,-0.02377,-0.022865,-0.022584,-0.023841,-0.022057,-0.021574,-0.023485,-0.022849,-0.023561,-0.020926,-0.021606,-0.021896,-0.023197,-0.022093,-0.02192,-0.022238,-0.023742,-0.023498,-0.021643,-0.022281,-0.021255,prova
-709.506549,75.941028,-14.215317,18.72996,-0.899223,6.817567,-9.093498,-0.898497,-4.649452,3.025849,-0.498398,1.009096,-0.291277,-0.030321,-0.028787,-0.029647,-0.026671,-0.029067,-0.027105,-0.024065,-0.027317,-0.027888,-0.024571,-0.024436,-0.029161,-0.026922,-0.030472,-0.02988,-0.028602,-0.026447,-0.030356,-0.030589,-0.029508,-0.024283,-0.024113,-0.025166,-0.027179,-0.026617,-0.028616,prova
-700.88665,74.235912,-15.829727,19.654726,-0.88971,7.00251,-10.538764,-0.493951,-3.969,3.086641,-0.092367,2.840362,-2.255228,-0.019904,-0.020965,-0.021676,-0.022802,-0.023205,-0.021729,-0.02257,-0.02094,-0.02371,-0.021174,-0.020029,-0.023222,-0.02169,-0.023076,-0.021982,-0.020111,-0.020864,-0.022963,-0.020671,-0.021677,-0.021844,-0.021228,-0.020789,-0.019451,-0.019706,-0.022022,prova
-700.493226,76.072354,-17.754287,22.391088,-1.336918,7.048813,-10.506167,-0.902949,-4.417668,3.078517,0.137476,1.476128,-1.44631,-0.020054,-0.021894,-0.022602,-0.0203,-0.0233,-0.021243,-0.023152,-0.021106,-0.02343,-0.023483,-0.020563,-0.020852,-0.020051,-0.021851,-0.019576,-0.021704,-0.019329,-0.023076,-0.023012,-0.023095,-0.021999,-0.022254,-0.020744,-0.022025,-0.0216,-0.023047,prova
-701.92134,74.019043,-13.797164,19.367114,-0.046976,4.270889,-9.483795,-0.137747,-4.178209,1.236179,-0.670479,1.388743,-3.058448,-0.024254,-0.030063,-0.025478,-0.024901,-0.028886,-0.029637,-0.025592,-0.025005,-0.030588,-0.028951,-0.024717,-0.024244,-0.03033,-0.027527,-0.025327,-0.029734,-0.028246,-0.028034,-0.028549,-0.026963,-0.028843,-0.024059,-0.026905,-0.027019,-0.025493,-0.027734,prova
-712.726689,74.069111,-13.382087,24.206593,1.169101,7.850966,-7.14554,-0.254434,-4.249105,2.639659,-0.122832,2.395652,-1.525627,-0.023097,-0.00737,-0.019075,-0.022121,-0.01234,-0.003844,-0.030304,-0.005063,-0.008275,-0.030128,-0.026179,-0.011568,-0.019282,-0.025143,-0.004392,-0.027418,-0.02524,-0.006765,-0.011196,-0.024898,-0.020699,-0.02393,-0.00785,-0.028402,-0.029004,-0.022322,prova
-716.033058,73.390735,-12.606471,31.125134,1.173152,8.356141,-8.380365,-1.336939,-4.037166,2.706704,0.207391,3.634114,0.151311,-0.021024,-0.026888,-0.023952,-0.029531,-0.02133,-0.023719,-0.026527,-0.02695,-0.023288,-0.030084,-0.028767,-0.024827,-0.024111,-0.023712,-0.028031,-0.029789,-0.023209,-0.026424,-0.029378,-0.022726,-0.027434,-0.027548,-0.02236,-0.023325,-0.030579,-0.026242,prova
-698.927811,74.010427,-13.800847,28.686268,0.953226,8.153779,-7.933913,-0.907625,-3.342399,2.705853,0.08106,3.150127,-0.198372,-0.027285,-0.023616,-0.030425,-0.021707,-0.021985,-0.023502,-0.030072,-0.024903,-0.027836,-0.021074,-0.023367,-0.023916,-0.02769,-0.02622,-0.028815,-0.028547,-0.028644,-0.021633,-0.024277,-0.021435,-0.021508,-0.026139,-0.028965,-0.021927,-0.02104,-0.024943,prova
-697.780245,73.556105,-12.764549,21.92241,1.373205,8.061075,-8.892273,-0.815699,-4.070184,1.508849,-0.217441,1.930332,-2.839149,-0.030701,-0.030705,-0.030722,-0.03077,-0.030779,-0.030758,-0.030672,-0.030703,-0.0307,-0.030724,-0.030634,-0.030658,-0.030639,-0.030659,-0.030625,-0.030745,-0.030675,-0.030676,-0.030645,-0.030668,-0.030744,-0.03078,-0.030629,-0.030698,-0.030645,-0.030651,prova
-711.394568,78.127737,-14.581783,20.651565,-0.488916,7.190198,-9.467089,-1.138838,-4.465434,2.754898,-0.69119,1.657192,-1.434552,-0.03004,-0.024524,-0.027176,-0.027507,-0.024891,-0.025459,-0.026778,-0.029658,-0.027897,-0.029039,-0.028275,-0.027567,-0.030496,-0.024345,-0.02845,-0.028553,-0.028102,-0.024062,-0.02409,-0.029706,-0.027203,-0.025054,-0.023928,-0.025203,-0.024442,-0.027628,prova
-708.191063,77.238142,-15.317945,23.125873,0.166615,6.839133,-9.699995,-0.172262,-4.326537,3.007484,0.019701,1.894783,-3.350817,-0.026198,-0.026741,-0.029759,-0.027501,-0.027551,-0.024696,-0.027165,-0.028233,-0.023852,-0.029313,-0.027903,-0.027251,-0.024336,-0.02679,-0.028184,-0.030617,-0.028561,-0.030523,-0.027298,-0.02632,-0.024687,-0.023872,-0.029801,-0.025163,-0.030591,-0.025419,prova
-696.278473,73.651333,-14.649143,23.367615,0.83331,7.618006,-9.701874,-1.268917,-3.67179,2.653865,0.265621,2.86955,-0.12407,-0.028895,-0.020696,-0.026699,-0.024837,-0.020111,-0.029466,-0.021595,-0.026292,-0.023807,-0.020223,-0.025178,-0.020976,-0.020456,-0.023463,-0.02896,-0.025055,-0.025044,-0.019648,-0.02889,-0.028982,-0.029669,-0.029871,-0.020499,-0.026323,-0.027992,-0.023049,prova
-697.772293,74.690486,-16.78326,23.255248,1.572412,7.262103,-10.045573,-1.250564,-3.77064,2.747495,0.173755,2.834717,-0.622881,-0.022257,-0.023985,-0.027363,-0.024522,-0.027441,-0.026735,-0.024553,-0.022397,-0.029376,-0.022845,-0.027075,-0.025273,-0.026526,-0.021496,-0.029421,-0.024474,-0.019513,-0.026921,-0.020867,-0.027401,-0.024723,-0.03003,-0.026169,-0.027947,-0.02739,-0.025629,prova
-684.167284,72.983691,-11.008454,28.541842,0.712992,8.323371,-7.92086,-0.181284,-3.939154,2.724913,0.168719,3.543476,0.107781,-0.024792,-0.022553,-0.023077,-0.030084,-0.028771,-0.029807,-0.026356,-0.027543,-0.021291,-0.020938,-0.026586,-0.027919,-0.022335,-0.028832,-0.024021,-0.026318,-0.024617,-0.024991,-0.02876,-0.024749,-0.025836,-0.024011,-0.02711,-0.029414,-0.02885,-0.027915,prova
-681.816355,73.040204,-13.974186,26.029463,1.106814,8.223433,-10.447719,-1.02845,-3.528094,1.102069,-0.349714,3.277629,-1.454066,-0.015285,-0.018063,-0.012359,-0.015638,-0.017727,-0.015344,-0.015364,-0.011488,-0.013251,-0.012827,-0.013262,-0.014069,-0.01279,-0.014565,-0.012694,-0.016505,-0.019297,-0.016035,-0.011567,-0.019122,-0.019068,-0.018964,-0.014155,-0.014231,-0.012987,-0.01393,prova
-670.574955,64.034188,-10.57337,29.094965,-2.709069,11.463969,-10.560361,-2.449861,-3.298863,0.923399,-0.868016,3.364974,-2.594421,-0.011215,-0.010121,-0.010734,-0.009285,-0.009138,-0.010974,-0.009572,-0.01012,-0.009359,-0.011132,-0.009525,-0.009286,-0.010341,-0.010243,-0.008418,-0.008827,-0.01076,-0.009672,-0.010553,-0.010521,-0.00833,-0.008461,-0.010188,-0.009495,-0.009699,-0.01033,prova
-671.339636,75.823597,-14.725991,28.295428,-1.14329,8.27583,-13.432167,-1.085275,-3.761425,0.28061,-1.811352,2.450534,-2.338678,-0.028367,-0.021756,-0.026281,-0.019403,-0.013568,-0.027789,-0.020544,-0.022145,-0.01919,-0.023158,-0.018943,-0.029691,-0.018164,-0.018149,-0.025501,-0.025107,-0.017019,-0.020416,-0.03109,-0.03032,-0.012876,-0.024054,-0.015787,-0.014632,-0.018302,-0.020025,prova
-682.498769,72.033495,-10.375572,31.107106,0.509394,8.444242,-7.616106,-0.27835,-2.826386,2.366299,-0.897025,3.415819,-0.910144,-0.018469,-0.020329,-0.015559,-0.016228,-0.019548,-0.018414,-0.015105,-0.019539,-0.018588,-0.01511,-0.020786,-0.019029,-0.014814,-0.016394,-0.016877,-0.016771,-0.020611,-0.016848,-0.018458,-0.011848,-0.019063,-0.017602,-0.016917,-0.020234,-0.020652,-0.016153,prova
-681.383974,71.038968,-12.719766,27.795452,0.706755,7.599158,-10.390672,-1.002191,-3.469453,2.078286,-1.283463,3.211553,-1.63805,-0.01891,-0.017822,-0.015606,-0.014367,-0.011441,-0.01912,-0.01507,-0.012783,-0.018804,-0.015475,-0.01196,-0.012202,-0.012282,-0.01697,-0.016713,-0.015378,-0.015889,-0.013821,-0.016083,-0.018178,-0.016188,-0.01234,-0.011695,-0.019104,-0.013233,-0.011641,prova
-681.080248,67.689431,-10.625632,30.296401,0.238561,8.444006,-8.230999,-0.641481,-2.834299,0.801525,-1.381086,3.532835,-2.596983,-0.01977,-0.011272,-0.014383,-0.019183,-0.014437,-0.012493,-0.020034,-0.020797,-0.014791,-0.014508,-0.012508,-0.011503,-0.011478,-0.019093,-0.015379,-0.015635,-0.018338,-0.015071,-0.014952,-0.019056,-0.012868,-0.020271,-0.013075,-0.02072,-0.01478,-0.019919,prova
-680.573519,67.547102,-11.794625,25.782489,-0.003999,3.832012,-8.323094,-0.558499,-3.883345,1.220109,-0.983915,3.161177,-2.812338,-0.013141,-0.028566,-0.015113,-0.021223,-0.023088,-0.026547,-0.030229,-0.024779,-0.015985,-0.028808,-0.016313,-0.017668,-0.021922,-0.024384,-0.02779,-0.015979,-0.021735,-0.027883,-0.024769,-0.011419,-0.025175,-0.014521,-0.025591,-0.027143,-0.024185,-0.012812,prova
-671.851636,74.957402,-12.633214,28.318421,-1.089585,7.617109,-12.983761,-1.403716,-4.138272,0.710803,-3.711767,3.036543,-2.639064,-0.011691,-0.022022,-0.018124,-0.025396,-0.022995,-0.017565,-0.013152,-0.021261,-0.023134,-0.012988,-0.032048,-0.022392,-0.024347,-0.011473,-0.015364,-0.011919,-0.012667,-0.032179,-0.02274,-0.015723,-0.012473,-0.02954,-0.030264,-0.030587,-0.030768,-0.026402,prova
-663.239144,75.630021,-13.592436,28.321712,-1.102907,6.152404,-12.944299,-3.146215,-3.990966,-0.040949,-2.506999,2.19658,-2.390354,-0.014294,-0.018193,-0.016997,-0.026717,-0.01376,-0.01601,-0.028083,-0.01446,-0.020863,-0.011817,-0.014594,-0.020919,-0.019571,-0.028515,-0.012324,-0.019962,-0.019746,-0.02763,-0.023763,-0.026931,-0.017582,-0.032206,-0.017251,-0.026343,-0.012518,-0.019305,prova
